customer_ID,Month,Year,Numeric Value,Transaction_ID
01GZ1HY1MDYF1DF31PYTRFGAM7,Aug,2010,336.3028388,01GY33CCR1WJJ50B1YKDWAS4VN
01GZ1HY1MV8PBTH9D67Q7MZDB6,Mar,2000,156.954185,01GY33CCR6NBK0XTBQ1WTWFB4R
01GZ1HY1MYD1ZF54KTWVHMFFCY,Mar,2005,789.1994936,01GY33CCRBX82GQNEPT0DT0B1W
01GZ1HY1N5Z506EPJGKE1ACJ1H,Feb,2011,319.9586667,01GY33CCRGQ9TFA399T1X0PY24
01GZ1HY1N8BED1013ZEPWH71NS,Jun,2000,0.296409647,01GY33CCRWBPBHV3E1YQ8RFZZD
01GZ1HY1NCZ73AS6F95RH4NC1F,Jan,2009,221.821565,01GY33CCS2JBDMKKHK59KST0X7
01GZ1HY1NFEJ0C5NQTZRAF64FW,Jan,2005,479.867122,01GY33CCS88JB24RZKHAH92EJQ
01GZ1HY1NHVE13QHW5H3SAF0VY,Oct,2006,582.6303395,01GY33CCSDPQ2KZX2ABZVM2XWA
01GZ1HY1NMHVF1P68VW3R3BF7C,Nov,2011,373.1497889,01GY33CCSJ8ZV5TXQMTHKH0P2J
01GZ1HY1NR5Z58TF6RPGG7BZTK,May,2011,318.8413763,01GY33CCSQ9Q9NW76G7SZZ2AV5
01GZ1HY1NT8MT6ZXJQPTJGJ25P,May,2006,837.1831212,01GY33CCSX3Y62898CVH01G73H
01GZ1HY1NXP6RHDA4KCSQ7TBC9,Jan,2007,977.850629,01GY33CCT39SQPW4TQSQKXCPQ2
01GZ1HY1P04G77MESQX1WMGF7Y,Feb,2000,604.8290168,01GY33CCT9HE3BGCTP75Y9CRAB
01GZ1HY1P37GYTAD1S1YTKRYSR,Oct,2008,321.7606294,01GY33CCTFKRCKG601WWQ7YTKW
01GZ1HY1P5XPEREHJ4AEAGMDKD,Aug,2004,721.8588157,01GY33CCTNNBPMPDH8ZW4T9HVS
01GZ1HY1P8B19KZ2ATDF5F49HE,Dec,2002,972.4325876,01GY33CCTTY0RCW4T3QPEHGGSQ
01GZ1HY1PCV9GDY1R2A8MERPZT,Aug,2013,533.6124638,01GY33CCTZF6AW3WQHFXVZZA7B
01GZ1HY1PE3VMTK5KS03B3WE5V,Sep,2007,926.8489939,01GY33CCV43J5S4C73PS3ZR4A4
01GZ1HY1PHHZNWKQNYEZJKAWJ9,Jan,2007,231.7102476,01GY33CCV9S98JR5H1EEY73H81
01GZ1HY1PMVJD9WBQMQXHRN2QQ,Aug,2004,462.2625771,01GY33CCVEXB5D9KD06XGRN4GM
01GZ1HY1PQ5TVDYADC97ZBM834,Feb,2001,281.3482256,01GY33CCVKRXF47RMJ95RQBGS5
01GZ1HY1PTX73HNV0K0X8QS2G8,Dec,2011,691.581827,01GY33CCVQF78KZ790V9ZEDQES
01GZ1HY1PYQVP9JZ7X8EGE0MDY,Apr,2010,108.7252194,01GY33CCVW3T5Q7BB4HZ68K2WR
01GZ1HY1Q1A7QR27WTWAX0PYB2,Jan,2004,378.1162899,01GY33CCW19CN45ZX6D60NTDGY
01GZ1HY1Q4YKHVK8XFYAGCW5FC,Apr,2000,445.0069213,01GY33CCW6386K5GS9W31CKSG6
01GZ1HY1Q7B6HGC5QXZWBGEMGE,Jan,2005,509.995227,01GY33CCWBAABKHMQ8R43RT369
01GZ1HY1QAHD64GVF6N35HNN72,Jul,2001,307.6373171,01GY33CCWHXA3NT0MAQ61NY3ZS
01GZ1HY1QCZQ7HPVKPXQG08XJK,Apr,2013,473.6270706,01GY33CCWPGXH04662CQ8PBBKD
01GZ1HY1QF5KM0XJC2WJDKMWJ5,Sep,2005,928.2220488,01GY33CCWWGP14SFFE87QG0D3Q
01GZ1HY1QKQXQWRADDMH72K8PM,Jun,2004,266.5188254,01GY33CCX20FYXFSESREBRSDXJ
01GZ1HY1QQHZNSJMQ8KF5JTSM4,Jun,2002,914.5673607,01GY33CCX729BKM3K9779R6X9Z
01GZ1HY1QSW64YQKV4XFCXZY1C,Jan,2005,981.7376389,01GY33CCY337B5YM955Y25RV9J
01GZ1HY1QW6RD82Q3ARECXRT1S,May,2008,815.2865275,01GY33CCY95H3P1P36Y2BM9QFH
01GZ1HY1QZF4DGS5HRDP799KPV,Jul,2007,310.8582681,01GY33CCYGJHM2R0E2K86C1ZD0
01GZ1HY1R376AZA0QK03GHYTEE,Jun,2000,104.4680573,01GY33CCYPCVNN3G5Y4WMA9TQ2
01GZ1HY1R5G0QB57X1W58RRJAE,Aug,2011,903.1035165,01GY33CCYV3E1EJPVPHX0D7BYV
01GZ1HY1S1QR2QBWHDRK87CTXS,Jan,2002,429.1544298,01GY33CCYZJSM9JNJ5DAMW6FK5
01GZ1HY1S5GPCCWYYQM1286R6A,Nov,2013,60.43534327,01GY33CCZ2ESGXS5AN3WYGXCS0
01GZ1HY1S9KW3TEF2YNB74MY02,Mar,2005,936.3132818,01GY33CCZ5R5J9W0K6CT65VBP4
01GZ1HY1SDB3X647RSMQK14PVY,Jul,2008,397.2460171,01GY33CCZ9TBNF56N8QJ9QXG9S
01GZ1HY1SHA2R4VAY1XF40ANQ5,Apr,2009,405.1231053,01GY33CCZDP5TWDNST5JABDB4F
01GZ1HY1SMT3WTN9KGGQHNQ9R5,Sep,2011,9.061056801,01GY33CCZF1KMJKVAR5YXEX22K
01GZ1HY1SRN2Y1XVWEWKCFVAEM,Jun,2011,262.1035406,01GY33CCZKAJ0RDVYT7HQKDQVT
01GZ1HY1SW46MA7V0MT0A9JM3G,Jul,2004,354.361266,01GY33CCZPT1GMKTVH7EA5QDKT
01GZ1HY1T19TMVE2CT3SCQ6PMN,Mar,2009,74.77262879,01GY33CCZTH276W58DJT8XJ4BY
01GZ1HY1T44HB76MECMFGAC1YJ,Mar,2005,600.6007264,01GY33CCZXDJVDPWR7P8N1G5WB
01GZ1HY1T8A291VEMAM0N1K92C,Jul,2008,30.76903385,01GY33CD000V2DJFW0W0HFDYVZ
01GZ1HY1TF6D19PEG3MBEV3ZDV,Sep,2000,127.5244631,01GY33CD03SD99A3Y50GCTDP39
01GZ1HY1TQT4009FHBB27SS29D,Feb,2000,455.9016179,01GY33CD06WKXDMF16ZQTGJ4X4
01GZ1HY1TXEKFAKCQF6DBCPKB7,Jun,2005,948.1606013,01GY33CD0AV6TX1N8QV890C0HR
01GZ1HY1J7WCGQD6DCJEFS730B,Nov,2006,990.3541699,01GY33CCQEXEZF7PMD0THY6BY9
01GZ1HY1K4CWVBXN9JRZ3MCYTW,Feb,2003,387.069232,01GY33CCQJ1ZDFWM11C7YPPWQ5
01GZ1HY1K70NSMS9X7RRKYFVA8,Apr,2010,282.6601198,01GY33CCQN62NNMRBEDV7DKW6M
01GZ1HY1KA53K0MY9FSBCJMN6R,Feb,2012,665.6696126,01GY33CCQTQHTAVAGPKJECSD98
01GZ1HY1KDT0Q2XMA3CJM4F99G,Feb,2000,158.7205841,01GY33CCR0W2JD35NB7Z2DXQ6M
01GZ1HY1KFWJE4E0P7TQCQG8GV,Dec,2003,597.0718395,01GY33CCR7HBHP2XASS3DV2E35
01GZ1HY1KK3AMQ1KT0K7MKRSXV,Feb,2001,456.2018483,01GY33CCREEBFS79RVRV5XPQWP
01GZ1HY1KQMZV31T5MM3WKKX68,Jun,2008,12.44815584,01GY33CCRM8X82TZ8X7662KKNE
01GZ1HY1KTPMFDFF5DPK9X2X2V,Mar,2000,773.9774858,01GY33CCRVNJPT6FMPWJXYY96C
01GZ1HY1KYV0K6QV3QHHADV5SC,Aug,2013,417.7286514,01GY33CCS2RYE8S3FJZ7Z7WSRP
01GZ1HY1M2S6YSG308HQ1Z1HN9,Oct,2013,476.5288437,01GY33CCS75QVNDPYH20YQZTNK
01GZ1HY1NCVP0HGG6QB4XQVGG9,Apr,2006,827.0613233,01GY33CCSH2FJK9N1F7SBF8W86
01GZ1HY1NG7QYG2FXFJGF7Q5A1,Oct,2007,416.0284604,01GY33CCSQP2G9H1V8TN43MNZ3
01GZ1HY1NMEZSVX1YM1SQ7P936,Nov,2004,90.16904566,01GY33CCSWFHDBHQ56XQFC1E4X
01GZ1HY1NRTCHFWJTNRDYCW0W8,Apr,2009,674.851723,01GY33CCT096HXM01CSPNZG4B3
01GZ1HY1NVA9C4PRQZMZF0XXB6,Apr,2004,7.845383938,01GY33CCT4YTCKD33N0MYQSRQQ
01GZ1HY1NZ4K1HY13FVJMWKWYD,Feb,2007,668.7213853,01GY33CCT7S3QDH3ZX3S6S9G2C
01GZ1HY1P2ND3N3NW6EPGX6CPV,Mar,2006,65.6290362,01GY33CCTBXWT9BAJ7BSQNB546
01GZ1HY1P5QHZ587ZCSSKYQPQB,Jun,2008,861.707343,01GY33CCTEH6CB3FPABJ3AJHBY
01GZ1HY1P898BDHDYG9T248VJE,Feb,2004,882.54686,01GY33CCTJG036T28W5NCG9Q8X
01GZ1HY1PBB65FERBC07W0PZGM,Aug,2012,180.9862364,01GY33CCTNWA4KR64HY54NNMKZ
01GZ1HY1PEM1FNN8GEQXBGMJT4,Jan,2001,268.1368569,01GY33CCTSQPZWAY8RRMC8DAPN
01GZ1HY1PHSVQZA9KJBJFSFM68,Nov,2012,74.9172603,01GY33CCTXZPK50PEFQZSPM2BE
01GZ1HY1PNTR4GR2YJ4R0XKHT1,Mar,2012,55.37788344,01GY33CCV0CTHEGCJFX9GS0WST
01GZ1HY1PTM71NZK8H9XXDW2YY,Feb,2012,257.3503345,01GY33CCV308YAH4SS5AB8WYR1
01GZ1HY1Q05P9KRJJFXDY20W5P,Dec,2008,682.8201586,01GY33CCV6KZJKY64TMY765S0C
01GZ1HY1Q3KDQ2344CC7BR94X8,Jan,2004,553.4488566,01GY33CCVAZTQBNG4SH91F5B8Q
01GZ1HY1Q87CVMSAKW2WSCEZ4A,Dec,2008,710.6559024,01GY33CCVDGA3FMVM3VJ9BZ69J
01GZ1HY1QDS446M0SG1D97MSVQ,Dec,2012,109.6567748,01GY33CCVH388FVRGW289CV0TN
01GZ1HY1QJD8W6JTDE14S15JPR,Jul,2012,456.4255488,01GY33CCVNXW2W8NDSWFRNY1TY
01GZ1HY1QRWNHDP087NFBDF5EA,Jul,2013,344.2925587,01GY33CCVRWF8PVPA49H4XZ72E
01GZ1HY1QYV4CCDHMB3WXK4YG9,Mar,2005,452.4308846,01GY33CCVW2C1C0ZN7997Y35Q5
01GZ1HY1R36BX5M12FY2X60QEN,Jun,2012,148.3815114,01GY33CCVZX8F1K0Z59CB29VGF
01GZ1HY1R83CVBBQ5AFTKY6Y7X,Nov,2003,777.177193,01GY33CCW2AJ2GFC6JXEH175YV
01GZ1HY1RDPD1V34RERNAEB77E,Jul,2012,605.8329742,01GY33CCW620TQFGQ9MGTD19WB
01GZ1HY1RJ0YB5766ZBSAX8Q9Z,Apr,2009,209.8206234,01GY33CCW9ZXZ5HSE0WTK8B3WN
01GZ1HY1RQQTA9W0NPTG9CQY4H,Jan,2009,31.43949613,01GY33CCWDY9CZPP7BEG9CE60A
01GZ1HY1RWWGY3CV5FNY5YMSHV,Oct,2012,232.262252,01GY33CCWG57Z5XDV6KFKMCM02
01GZ1HY1S1Q532YYRMXMJSME51,Apr,2011,629.1478764,01GY33CCWKZF9D8EKPME1H4VD5
01GZ1HY1S5QQPCWGFEP0E43KQE,Jan,2007,912.2313155,01GY33CCWQG4MN8C7A53TK6ZFS
01GZ1HY1S8HE3DDY716V7RD7M2,May,2004,713.7747812,01GY33CCWVR8QHTBHKMZSTSFK7
01GZ1HY1SB4YHMGFPK3DC39WFR,Dec,2007,695.545182,01GY33CCWYWW54GG270NNAFDFS
01GZ1HY1SE2B42B4GNW40VP59W,Jun,2005,76.99673172,01GY33CCX1YAJBAC76TXXVCM9J
01GZ1HY1SJD06CJ8DYTTYM3ZMA,Jul,2008,676.8531887,01GY33CCX6CFD64EKWM3FSBM67
01GZ1HY1SN9B519PN1WMDJ0VJE,Jul,2008,661.1756381,01GY33CCX9RQE8D50P8XHQ0JTD
01GZ1HY1SRNTDJ56DX146KY8PZ,Feb,2012,930.8412815,01GY33CCXDX1YXP46NV2V5QY4X
01GZ1HY1STK65Z71TCVCZW1NX5,Jan,2009,618.0066221,01GY33CCXH3RBQHC2EGZVFAET1
01GZ1HY1SW8560GEFKV7XS48R6,Oct,2010,781.5378479,01GY33CCXMX21VFW9PXET8Y7D0
01GZ1HY1SZGHDRS45K6R09FRSB,Oct,2007,396.1480016,01GY33CCXRX4FKPN0BD2XZ0VTV
01GZ1HY1T2BS14TCD01SY6VXB1,Jun,2003,456.7092614,01GY33CCXVCK1XEQ2ZB99ME3A0
01GZ1HY1FQJV594XJ84XPRQ5N4,Jul,2007,527.2744809,01GY33CCPDHTVBSZ74YZVR75VD
01GZ1HY1G5ZZGP460QG7SFWNJF,Jul,2010,489.8780551,01GY33CCPRH3562BP7KZFC8PFQ
01GZ1HY1G9VQ324G2QRZ8B8TSA,Nov,2006,651.3911984,01GY33CCPX2CQXMQ3EDWM0MX29
01GZ1HY1GCN8CT5DRSCJPN0ZXJ,Oct,2001,723.3675139,01GY33CCQ4DNBNTPMYSA2D724X
01GZ1HY1GF6G9PWA677N1Y2181,Oct,2001,289.5720578,01GY33CCQ9F23Q2TPMCJQSAT0B
01GZ1HY1GJFCZD44KN90DMMN1P,Mar,2010,94.89076263,01GY33CCQEYGAJEGPZRYRM780E
01GZ1HY1GNKKZ1P6TW68KPD8VD,May,2003,799.6678629,01GY33CCQMQDD57CFTRSXQ9ZFH
01GZ1HY1GRCAN42MJGG0BFYC13,Dec,2003,184.8611275,01GY33CCQVDZPY6VGPAKT88V1V
01GZ1HY1GV9J39DYKGB9YC4AS8,Sep,2002,418.3109721,01GY33CCR0GBMHNJ5XDPB7MRA1
01GZ1HY1GY8QQSP6EFHPQSZRAH,May,2009,33.19085799,01GY33CCR6QM8H106T03JM0TYY
01GZ1HY1H2K1T7TMF8A5YS75KP,Nov,2007,654.6485415,01GY33CCRC7CYWHD1NYEPVPB50
01GZ1HY1H6MEF1DB05S49D80H1,Sep,2005,797.7469019,01GY33CCRHHYNV8A6D4679ZWNJ
01GZ1HY1H9PNBE39P74AYN3TEH,Mar,2002,645.7738568,01GY33CCRRVAQJ2VPQJ07YFGVZ
01GZ1HY1HF6PCTDJDVZKAC0DSR,Dec,2010,728.4756442,01GY33CCRX5PF3MMRJTWZ30A3P
01GZ1HY1HJ6YXK8WD3ZBDPRJV3,Aug,2009,853.8600858,01GY33CCS2B07MK1GHDPNN8QRA
01GZ1HY1HN6B865JVJ7GM5B6V4,Jan,2000,610.345552,01GY33CCS7N6EM0C37Z0517N0F
01GZ1HY1HRP11JPAZD1JP22N9E,Dec,2008,74.06837882,01GY33CCSCVW8N5HFBKMYAK8X0
01GZ1HY1HVH90SJ56K4RR7ADKT,Sep,2003,655.1256455,01GY33CCSH2TPES343AZC86YZ9
01GZ1HY1HY5GG83XT9YP1MK7AQ,Jun,2003,199.027683,01GY33CCSQH9ENXTQJ6EMRXHE6
01GZ1HY1J199F9N47RZ2VKEFBG,Jun,2003,722.9679273,01GY33CCSWVCSBSNH2QE6227V5
01GZ1HY1J40GTD33B3VFM7Y66N,Feb,2001,582.0925033,01GY33CCT1JAKVK9DC0A2QPTJX
01GZ1HY1J79ZXSRXK7544T5ZEH,Jan,2004,78.2949349,01GY33CCT6Z5QB9830C2BHX3S6
01GZ1HY1JBJW4T38CANZ0E2X5M,Aug,2003,613.4502749,01GY33CCTBZJK0JVXB29NHHY2D
01GZ1HY1JD7H06JYN7MZMXBJRG,Jan,2005,717.9091714,01GY33CCTHXNBPVC0KTM65YBCX
01GZ1HY1JGVCH1D9DKCW39FSP8,Jun,2005,214.647111,01GY33CCTP40HD53MHBXGKTA1G
01GZ1HY1JK70Z64YQMQ186QV25,Sep,2007,227.8040977,01GY33CCTT9G87YYC6GBWHBAEE
01GZ1HY1JP995896VE15XHCK1R,May,2010,946.968306,01GY33CCTXFYHNJ6SRM3PVRRSR
01GZ1HY1JRNGWKS60VJ4Q3HP4R,Feb,2001,138.680747,01GY33CCV1A320F90938JNH0ZN
01GZ1HY1JY88J4PE7C4ZPYYGNV,Jan,2005,42.50921759,01GY33CCV48XXVAKS5MQ5RSY0B
01GZ1HY1K414VRXWNTH2CDFS4D,Nov,2013,864.2999115,01GY33CCV9TC5B2RKN2B2MJV0X
01GZ1HY1K8APYX6YZ510PTK65X,Mar,2010,341.0562815,01GY33CCVE4A9GD2C5JF8184CV
01GZ1HY1KEJVJ398GT99ZXGW2C,Nov,2004,329.4555904,01GY33CCW7ZG1T8C5VBRNXWDH7
01GZ1HY1KKC7B33N3JQPZQ4H1C,Jan,2007,583.6438807,01GY33CCWAC9KMS3SGQZ91H7F7
01GZ1HY1KS0DJ8N0JT33X82MB8,Apr,2008,232.0720333,01GY33CCWDG5M1SHDS49SA1PS9
01GZ1HY1KYNWFDMHQ9966CPAPD,Apr,2012,701.6048367,01GY33CCWGTJJ570BX94CEVM88
01GZ1HY1M3FAR3M0MQY6ZQA630,Aug,2013,615.3756031,01GY33CCWMA1BEZZ1S14ABWVWD
01GZ1HY1M9GRDWEN5GV9M5MV4Q,Jan,2008,330.3229144,01GY33CCWRZT7FTSYT6HH3P1DN
01GZ1HY1MED6C6ETEJ7JKGN6EG,Jan,2007,451.284662,01GY33CCWVFK19FFZYAXDZ2GX8
01GZ1HY1MKMAP3MKRWD0D1J2Y0,Apr,2005,413.3586521,01GY33CCWYCF8SM14MP8RRKV1B
01GZ1HY1MR8PA0VHNXRVBDCP37,Aug,2001,453.2801601,01GY33CCX21RVXWY3JD4Q4FZWT
01GZ1HY1MXVJ1F5S0610TNNEDD,Sep,2001,600.0659148,01GY33CCX5DWDYG1BQECYECQJZ
01GZ1HY1N3BRMVS20M41Z27Z8E,Apr,2005,195.0640748,01GY33CCXA62YJTW6E4BJHKX3E
01GZ1HY1N62B9MSDD2MKN2KXC0,Sep,2010,863.2511526,01GY33CCXGJNCZWEGDZMSV9BXM
01GZ1HY1NBPFMNN0CRW0SVHYBC,Jul,2006,26.56226833,01GY33CCXPPRC0KHZ76GA5F8HV
01GZ1HY1NHGFPVM12E5MV0A19H,Nov,2006,173.2219269,01GY33CCXWBN23TYV46ZSE65WN
01GZ1HY1NQZ5AA2WPNMRVC8EV2,Apr,2002,468.3722173,01GY33CCY3AFSY9YEMMF19SJ6R
01GZ1HY1NXNJK7NJCZAP88BKR6,Jun,2007,853.0527417,01GY33CCY9J3SZP25G1THQC8KA
01GZ1HY1P2X4XQE8HZME9VKED8,Sep,2009,78.03971474,01GY33CCYFF721ZTE4J4FNZQWY
01GZ1HY1P6V2J8E743FXTY3B0H,Feb,2007,739.0801969,01GY33CCYNS6VH9T587HHVPJ1A
01GZ1HY1PBKXYZDBJRB7ZGCMAK,Apr,2009,902.0370051,01GY33CCYT0W45M56KNQW5DH0V
01GZ1HY1FDF0G1TVCA0GSXXN7C,May,2000,108.4254084,01GY33CCNWAEZFT0YA0FBTEES8
01GZ1HY1FV48MA1RBW12BHX8AP,Oct,2001,816.3517501,01GY33CCP2SQ09KHDY47TMYDF1
01GZ1HY1GEYDPBRQNC9D3RCFC6,Jul,2009,580.4416126,01GY33CCP77NAHPH0VV9AHX38E
01GZ1HY1GNFXNN5D7B8JD7GJ9W,Oct,2002,379.8189847,01GY33CCPEC6BKH65MTC4PEQ8M
01GZ1HY1GTYHQBPSVVN2V73X2E,Oct,2001,953.7876988,01GY33CCPMBN1E8285XHCN3BW3
01GZ1HY1H15MKCN29V6GGEVF9A,Mar,2002,266.289323,01GY33CCPT2CFP259D03GDNZ2Y
01GZ1HY1H8SVYV01W802VWKAKK,Jun,2010,907.9355006,01GY33CCQ0WTTM1W79JQP0ZD39
01GZ1HY1HBD0J72FGEPK7X5J20,Apr,2005,883.9602792,01GY33CCQ6KTPT0Y9W758JMX3A
01GZ1HY1HGG6DQEFFRE0A3JYWD,May,2007,921.9365657,01GY33CCQC7QS008VSV1RCK4CD
01GZ1HY1HMV7KVX5HYG83KJA36,Jul,2004,896.9916006,01GY33CCQKPS9TZKN9CTMRFXQN
01GZ1HY1HR9Z2WBKR04HZH7AAM,Feb,2010,36.52330473,01GY33CCQRQW48NKQSG5KPSS39
01GZ1HY1HWB92N46SPS64V1QCX,Apr,2002,544.2051072,01GY33CCQYZJ7YQ4BYDNKFQHCP
01GZ1HY1J2VMHYQH5DX7K6NT71,Feb,2012,361.0007651,01GY33CCR3KWQ7TRXCRRFMMX06
01GZ1HY1JF65ECRSQ2DVB65FR2,Jun,2007,602.7003537,01GY33CCR9E39E5PAHZ9BY801Q
01GZ1HY1JNTX7MKKJGADHEW4B0,Apr,2005,959.7931556,01GY33CCRF6ZDJ6WZ2GMRVZCBR
01GZ1HY1JWV7EXQ4P28WCR593N,Nov,2009,479.6186179,01GY33CCRMWJ224HYXD2MDV8TK
01GZ1HY1K2RJ0XP3MEKSMKWM29,Mar,2010,320.8193372,01GY33CCRRV2YFFHXSGMMYXNKJ
01GZ1HY1K87CMFN03M315K7MRZ,Feb,2005,785.5854392,01GY33CCRV0P88K7B3EKZCFM2N
01GZ1HY1KEZXBNCAE2SD0T68WR,Dec,2006,645.5843924,01GY33CCRZSXH6HN3YNJW3YY55
01GZ1HY1KN9HN3H9EK1SS0H157,Oct,2012,582.2582243,01GY33CCS3MTWCC59H4ESRYZS3
01GZ1HY1KVDSWNX9QC66MRXMW4,Jun,2001,122.4742507,01GY33CCS6FYV47H6JHS8B9B11
01GZ1HY1M1XM6TGJVD7G4EK1VD,Jan,2001,794.164823,01GY33CCS9RV642H2RE2T9FSX2
01GZ1HY1M7FM5QTWSSE5KEQJ72,Aug,2010,661.3669154,01GY33CCSDQ1A03K6AXMFZRW13
01GZ1HY1MDWRF256QKB54EGKK2,Mar,2005,261.7655125,01GY33CCSG6D9XZVJA722AVJNY
01GZ1HY1MJZD6DCEJ9NAW76AG7,Dec,2011,888.6216028,01GY33CCSMDV69W2X1W802QAKX
01GZ1HY1MRKV3NKBTWR289QBFN,Aug,2008,464.920434,01GY33CCSQA8QEJCQPH2HKHMWR
01GZ1HY1MXDQ7KKAC36AKPC49F,Dec,2000,212.3844912,01GY33CCSS5Y7Z4RSK26AHFNK4
01GZ1HY1N266AYB7K746PWAGBC,Oct,2010,578.8830854,01GY33CCSXVC431WT04NY5QCX7
01GZ1HY1N6TSBAPAD5YY91TKK8,Jan,2000,185.6575849,01GY33CCT0Y562RDFDBRJYJ534
01GZ1HY1NBDBCGT2JXS0V8K6JX,Feb,2006,866.5264687,01GY33CCT41P1J4C5TGFWRV3SP
01GZ1HY1NG0WD93DDHF67ZCD9F,Dec,2013,720.0766992,01GY33CCT8RNDDBVWC0HP4KSTY
01GZ1HY1NV2WFJ90319XW1SC8H,Apr,2005,892.6871695,01GY33CCTBPF5ZK8T9NWXKVY70
01GZ1HY1P10YVQW515PK6FDX69,Apr,2009,370.0849556,01GY33CCTF0X92X6W733TGTBK6
01GZ1HY1P6WCEFHHY6XWJVR70K,Aug,2005,447.4878587,01GY33CCTJN33BJK71HGXYGX3T
01GZ1HY1PCPD8NAN1EPC7RJGQW,Jun,2004,108.9058305,01GY33CCTQ4X4TRYKBW8W3JYA2
01GZ1HY1PK73WNVB0823ER48PE,May,2012,439.4469282,01GY33CCTTVCDMD1D83XF206KN
01GZ1HY1PTKGFBVCVF6XZSJ0WF,Apr,2010,776.1432117,01GY33CCTXA9APJ0136821MZYZ
01GZ1HY1Q0VGT2R56148Z5S1AZ,Nov,2007,494.8227122,01GY33CCV28VV70GR6K8JPNC6X
01GZ1HY1Q7M3VP13H2WRKADJZ0,Jul,2000,29.39455373,01GY33CCV6GHTY4BNWW5YYP5D7
01GZ1HY1QBH82XWGKTHPBD4913,Dec,2013,854.0306366,01GY33CCVAZZ9GNXSRQAQ387VV
01GZ1HY1QFV4F6PTEDVXF28R8C,Apr,2003,746.3180367,01GY33CCVEWKHM8EP57EZ4HRZJ
01GZ1HY1QKPCQZ1BPCF1ZZ5XNP,Nov,2002,258.455253,01GY33CCVJ8KP37H9Y6QN2VR4Q
01GZ1HY1QRHW8WTV5QE7CFPXTS,Oct,2004,804.9329012,01GY33CCW3XGDEBAXG23J8B5KG
01GZ1HY1QWVHDDAD8A7QA53D5D,Jul,2011,933.7547031,01GY33CCW8ZG6KFJ3Q9GEAN7WH
01GZ1HY1QZQE9W0EY02AGXDC7E,Feb,2007,307.8758263,01GY33CCWCGPS2WREVFWK9JW7F
01GZ1HY1R5T9BSH1QHBQQW4G47,Dec,2009,875.421127,01GY33CCWG2SEESC6HEDA8SKRH
01GZ1HY1RA759NPAQPH7ZTV3DS,May,2003,910.322012,01GY33CCWMMZF8XK8AWPRQ7B06
01GZ1HY1RG26AN4JVYHA7NVDBN,Sep,2002,723.920537,01GY33CCWRS4N33E4CQW7H16HB
01GZ1HY1RMKBX7MXVPGXZ4BQMW,Jan,2013,240.4900809,01GY33CCWVA7F8VY0ZXSZBSB6S
01GZ1HY1RR4HVMCX1FNRETKRRN,Mar,2000,203.545062,01GY33CCWYV28MAJ628RKY5ZR7
01GZ1HY1M25FRE4KN9CAWA87QB,Jan,2004,385.74759,01GY33CCPF16CJTMT30M0W85QN
01GZ1HY1MH73AQF4K5VPF118K6,Sep,2004,56.44191479,01GY33CCPKJ3MZR21S6ZG993YQ
01GZ1HY1MNBA9E0GQNRRDFWTJ2,Feb,2005,910.7819688,01GY33CCPPH0ZV5C7KRNRSF33A
01GZ1HY1MS2RWBMV7SJ0RB6WGR,Sep,2010,35.92369641,01GY33CCPS3APABJMYPE4RV3HV
01GZ1HY1MX0F9T05RZZ71M1PK5,Apr,2008,101.2960844,01GY33CCPVYK9W57MDWM8A46N4
01GZ1HY1N1EP27Q91DRPAVRGS3,Jul,2011,609.5237943,01GY33CCPZB7WR6T9P60T1VANE
01GZ1HY1N61B2NQX9AANAE6NS1,Nov,2008,509.3490967,01GY33CCQ2B8KJC9REYQRY1YQ9
01GZ1HY1Q6RZM7X9NXHW7ANWX0,Apr,2001,330.1611818,01GY33CCQ5NK23M9HJHB4416MT
01GZ1HY1QA7W2K28D6KZQ3SZ28,Aug,2009,120.9962811,01GY33CCQ9A2174HDPFKYP20KD
01GZ1HY1QE6Q1FCQ0Y6FA6PHBC,Jan,2002,86.22783653,01GY33CCQFHZRJ6JEEQ65FMJ3K
01GZ1HY1QKQPFR8ZHSCW99K2M4,Mar,2001,904.7649139,01GY33CCQMETR306AF7ATN0M1A
01GZ1HY1QQCET3GMZSTSJQ0HGY,Dec,2010,542.8200878,01GY33CCQT7NJG77YPZ3XEDZY6
01GZ1HY1QVR07KMJ7TKKSDPKDW,Apr,2007,420.3618735,01GY33CCQYGX0FS2TA8SRHQNG0
01GZ1HY1QYWWR3QQSHEBNXWTDN,Dec,2002,993.2726066,01GY33CCR33A2SCD2N5YNZ3EBA
01GZ1HY1R2T1G328VSTZH772WK,Sep,2003,849.3801485,01GY33CCR935F8DKAKRG31FNES
01GZ1HY1R6XY5T5Z3Z999A6CXQ,Aug,2011,806.1802906,01GY33CCRF2624N8T84369A0R1
01GZ1HY1RCMPYRJJRBC7T0HGDT,Nov,2008,420.7400561,01GY33CCRNA5BY7B1F4687KF3W
01GZ1HY1RHWYBZEYT3PWGYNAZ0,Jul,2009,557.3015046,01GY33CCRVPKN5V2MVN2NVK0RY
01GZ1HY1RN2V07ECNNG5NV5Y7H,Mar,2007,306.2485187,01GY33CCS1FGBXASF98M588XQT
01GZ1HY1RVVSCAR40GCQX34P1V,Nov,2006,878.7784328,01GY33CCS6VVPCPKCDKR57ABKD
01GZ1HY1S029EX8HHJP2DF0Y6F,Mar,2011,701.7247995,01GY33CCSDYMMK8P1VJ1BCN1NK
01GZ1HY1S4K6WTKPQD3C0V85W1,Aug,2013,785.2297388,01GY33CCSJRGHGQ1ARJ14NRDHV
01GZ1HY1S7H4T2S15GS5D4YPXD,Dec,2005,406.7061422,01GY33CCSQRHHR089WHGCBXY9X
01GZ1HY1SA0YN54C78ZDQHRW8S,Mar,2013,674.6425781,01GY33CCSXT85A70XXFR4XZQ2B
01GZ1HY1SDD23MHDVMPXS96Q58,Dec,2008,443.6578001,01GY33CCT37J4KDTATTB24CBE4
01GZ1HY1SGK72NFH304WZPWZ38,Mar,2008,979.9575437,01GY33CCT9CKZFAHCGSP3RND09
01GZ1HY1SN3FK1AXX8EYNJ6PY9,Apr,2005,164.9918882,01GY33CCTFH16HK813NK9QT159
01GZ1HY1SSKQS59H6MT74D1Y9Q,Sep,2006,513.3357208,01GY33CCTN1M4F3X7EWGS55R93
01GZ1HY1SZZ79TCCPCT3SNM8PQ,Mar,2004,553.3610899,01GY33CCTTA677QD6RMJAWDYXQ
01GZ1HY1T3H4MXCMHJA5DX21WK,Apr,2013,683.4614054,01GY33CCV0Y7ZN6C8HVGQVND1V
01GZ1HY1T8SCRDC0VX6MDEM3YW,May,2004,74.46170763,01GY33CCVXF28TXXNWJ7ARY1HR
01GZ1HY1TBQRQ7T2F8XJKJC92R,Aug,2009,807.5390821,01GY33CCW30CCH316QXF1H9K1S
01GZ1HY1TFYBC8WH64YG8HJ98P,Jul,2008,386.6164091,01GY33CCW80MA0Z3RPKY7E42M4
01GZ1HY1TJG97GA93VR81JSA3P,Jan,2007,318.8410886,01GY33CCWE5SYT8JBFR26QXYAV
01GZ1HY1TNZDRGBZX451R06911,Oct,2003,582.6891673,01GY33CCWMNKE4HX5NNB381KBG
01GZ1HY1TQW0Q6PZ0B2TDXVE97,Aug,2013,676.9493734,01GY33CCWSQPA4X0Z5X84RJK99
01GZ1HY1TV6BT6K379TN69V32V,Oct,2001,468.4917198,01GY33CCWZ0E5PXDW1CC32NA0E
01GZ1HY1TYGNS9JCG6V6T8576Q,Jun,2004,911.7685671,01GY33CCX5GAJYD9E1QHQFRXTM
01GZ1HY1V1JH7M8Y6CKQRW6XD5,Dec,2013,259.1230217,01GY33CCXAT5SXMG00AM8NPCQA
01GZ1HY1V4JA0EQTW0P6H4WBT3,Aug,2012,64.03572526,01GY33CCXF05A6JTCBG9W2C15D
01GZ1HY1V7ANN7YWBZMHA129NX,Mar,2011,999.3505511,01GY33CCXNHNSJ9KBJAC72A0ZD
01GZ1HY1VARK95Q5V4YERK1D7J,Apr,2013,715.3276322,01GY33CCXTWVG5GE19WDWQ177P
01GZ1HY1VDQQXSC4GCADF8MZ1S,May,2010,890.6822509,01GY33CCXYAY90FPN3HGV8RTQY
01GZ1HY1VGD87Z0NMHZJHG67NG,Jul,2004,477.7339714,01GY33CCY4BTX8181928T2XFDJ
01GZ1HY1VMMNF3RVW88TBAMGPY,Apr,2005,585.3418781,01GY33CCYA16DZTDFGEYFYK3Q6
01GZ1HY1VQRP3VXWRHA6Y4M5GG,Jun,2011,841.8373804,01GY33CCYFJV9HQKH55WSNA2CS
01GZ1HY1VTF62G7NBSYYE8EFF0,Jul,2006,33.58078404,01GY33CCYNZ7ESR8ZP8KQ1VBKT
01GZ1HY1VYNY4YSNNDWT0TF037,Dec,2009,613.475179,01GY33CCYTHK656RJC6234N79A
01GZ1HY1W1MNX379ZHWKGHYHG5,Jul,2012,962.1617873,01GY33CCZ0S23MSZ0DV6DH34NP
01GZ1HY1W4E9HQDA4JCRQT9WGY,Oct,2004,368.1085109,01GY33CCZ7TA9PECX0JGP915ZJ
01GZ1HY1Q60MPPM9VAY0YD0NGV,Mar,2000,627.213586,01GY33CCR3AN3KG91HVNJM0RMV
01GZ1HY1QTF4AK5ANW96V5A85J,Nov,2011,685.1394008,01GY33CCT6R30QYG5344GJR0AT
01GZ1HY1QY3FZX04D9TP6K3QW6,Jun,2003,281.9542808,01GY33CCTCB77GEECFTDZRFGAZ
01GZ1HY1R2XXNXAH3S6MWAQ4V6,Nov,2007,261.6913473,01GY33CCTJWEN3GFW1HT4PV8X5
01GZ1HY1R5TZERADNKCF5DPF6T,Dec,2000,423.6471286,01GY33CCTRVCC46RPRWH6CA01Y
01GZ1HY1R99T961EW0SWVE2WKF,Jul,2004,433.8835684,01GY33CCTXEV2TPMXM3A68YW94
01GZ1HY1RCQVVPA7TFPBVABRKV,Sep,2002,619.2599481,01GY33CCV2HS0SS1BKK0XYV2VC
01GZ1HY1RG14RYSSANXTX9V5TG,Feb,2002,431.5786283,01GY33CCV8V7W6FTMZ5RG34RY7
01GZ1HY1RNRQMKG7PYZVVDCXAG,Jun,2006,351.0339346,01GY33CCVDTA56QTMX7Q7DR5DY
01GZ1HY1RTJ118H8EF796F899M,Oct,2001,61.30874419,01GY33CCVHRQAWEETAEN4TPQ8C
01GZ1HY1RYW5854K8022KDEFZ1,Aug,2009,513.6602751,01GY33CCVP3FJH44RDRGK6PHMY
01GZ1HY1S1CXT3PEZMFWW9EJ2W,Aug,2005,148.6986566,01GY33CCVVPV5F02MZXDSG4MDN
01GZ1HY1S6R6MZB8WA871AVCPA,Jan,2012,3.427572217,01GY33CCW0CM7J3EM9ARNJEM0K
01GZ1HY1SA4G0BZFM6GXX3EN3S,Dec,2004,625.898265,01GY33CCW5F50NVHY8Y43PC3BA
01GZ1HY1SF5M8PTV0ZB2503QHH,Mar,2010,455.4650685,01GY33CCWAWWGGVPEQ2Q25XW8P
01GZ1HY1SKM4KR1TQ3H2ARTFF6,Nov,2001,944.2226602,01GY33CCWF66TBVY3PAHDVMK4X
01GZ1HY1SR8GRMWY45Q4SABHDJ,May,2003,736.7576567,01GY33CCWKRF0N5BMQMYEB1FWC
01GZ1HY1SV1FCK2CC7NWDKTMWM,Jan,2007,318.4440369,01GY33CCWSZJR6J5RJZNHMRER6
01GZ1HY1T12CAJBJYEP93TSTX9,Nov,2007,348.9669144,01GY33CCWYV0Q3G3AZZP4KCVBE
01GZ1HY1T6JJN7TZF6FECW81SN,Jul,2012,735.5952806,01GY33CCX3487YXY5XRQ6RE6NR
01GZ1HY1TCK779X17JZAXFKNVG,Jul,2004,977.2055899,01GY33CCX78TV6JM7ATZ3DWDVQ
01GZ1HY1THNJP1NZ3KX62N4G94,Nov,2013,830.771275,01GY33CCXAM9FE8F8QEYBPY6D9
01GZ1HY1TN0171EVEE6YQ8G675,Jul,2013,192.4323021,01GY33CCXEQ64DQ78EPVM36F4Q
01GZ1HY1TRD1YREJJ6W33M2NHF,Apr,2007,684.0315558,01GY33CCXH4AQ4AXKPV0KFXN47
01GZ1HY1TXJ72JS7HGACQNV876,Jun,2002,868.7493123,01GY33CCXNM4QGSH13SJDMSWJ7
01GZ1HY1V2VPPD86DYTVVX5FQ6,Apr,2004,221.3625637,01GY33CCXREYG9D0R3W78S1FVM
01GZ1HY1V7PK2NFF65GWVHJ03S,Oct,2000,925.3365517,01GY33CCXVTB9JV3SNY8CN8HGP
01GZ1HY1VDD0YD4V132KVX1RGS,Sep,2006,236.9450268,01GY33CCXYGWK44NFGDP06KHF2
01GZ1HY1VJ52YFTE4KTQE8ZGDE,Feb,2000,535.5873336,01GY33CCY221CRRWGMREH77VZQ
01GZ1HY1VQVP6QBBX8WBRQ6TB8,Aug,2007,632.9564792,01GY33CCY512FW2AD6ZZQWVHVV
01GZ1HY1VWCHK5ZYJYDSWTG7A1,Oct,2010,897.8878044,01GY33CCY8G8NQS8T9NDGBW8HM
01GZ1HY1W16F0ST7J2T83RHWGS,Sep,2006,296.2220169,01GY33CCYD23N5MD1PGVP952MQ
01GZ1HY1W7ST3HYYA45W9QCTR0,Mar,2013,444.5780854,01GY33CCYK5YE58TX0ND7TPNKK
01GZ1HY1WC4MTR6B7BJGNQD4FP,Feb,2007,125.3864289,01GY33CCYSW1Y4JNJ6BJG0SDD2
01GZ1HY1WHB3FCZNZ8YVHH0QPV,Jan,2007,289.9100656,01GY33CCYZDJKQPAA7WEWP4WW2
01GZ1HY1WPDYY1HY9DB0JWE9VY,Aug,2009,40.21830194,01GY33CCZ5GEMBTGN09EHZWBZ6
01GZ1HY1WTDSB9AH6FJGV37ZSY,Feb,2011,254.3050612,01GY33CCZA1E92JT93Y14AWZJ3
01GZ1HY1WZ0A1TFJFF5YNMAZJF,Jul,2005,740.1986157,01GY33CCZFZ5X8630DVNVPFPK5
01GZ1HY1X4W57QQ5DCND90JZZ6,Apr,2001,600.3262073,01GY33CCZN8P7D9W953DN209Y5
01GZ1HY1X9RJ8GQBRWDHD27SM2,Mar,2001,853.9927256,01GY33CCZTNNB8SFS7915J125B
01GZ1HY1XCXRERVTCN3FWMRHXM,Aug,2003,109.9239647,01GY33CD00JWRRA08J13027WDX
01GZ1HY1XHN0MDAZ73AY169WSV,Oct,2003,451.6357546,01GY33CD05R9S18JZ5PM2D5C8P
01GZ1HY1XQTB4SQQFXZTX6K3D9,Aug,2003,854.3013981,01GY33CD0ACMMDTCH9VMDF2EK8
01GZ1HY1XTS5TQEVEW9FSPD20S,Apr,2012,870.7246418,01GY33CD0F0P39FP20TE0DA035
01GZ1HY1XZJDAVDCPQ58DWDA6R,Jan,2012,969.8710813,01GY33CD0NZVEZCVHR291EE3QJ
01GZ1HY1Y4ZHH70XW428T2J7R8,Dec,2009,229.4305565,01GY33CD0TWNQVAB4HRA1R6RHX
01GZ1HY1Y7M586D2QHR7V098D9,May,2001,683.7524289,01GY33CD0Z2SN1AC2H8NQ67VAD
01GZ1HY1YC3FBFPHS6RQJ2TH0V,Feb,2007,836.1971769,01GY33CD13RW8JZDVC5NARQXWB
01GZ1HY1YGAVMFK5B2WFKVCXGS,Dec,2001,464.8619057,01GY33CD18TB4YHTNWA52Z95KG
01GZ1HY1YNQZGZZ9KRYR0F21F3,Jun,2012,968.2212366,01GY33CD1CPMK1HR5HKE35AVQZ
01GZ1HY1DGNS96PAJ2MDY5EHSY,Sep,2006,604.9106391,01GY33CCQYETA3HJNPBSM3TAR8
01GZ1HY1E0HRDBHKJX8EXJ4Q55,Sep,2011,855.6873814,01GY33CCR3AE5DKDMMVFKFD0KQ
01GZ1HY1E4GGGPSR9BYDP0S0C3,Jun,2009,151.3393131,01GY33CCR98FEPHW3RJ5D6XPG6
01GZ1HY1E8M0HC31S2RD4WZPZ4,Nov,2003,775.4083017,01GY33CCRFSYKQD527ZNT9F0GM
01GZ1HY1EBNHRKDJNS041KB3B0,Aug,2007,618.1057826,01GY33CCRMFD4Y0ME1GWFHT5Z4
01GZ1HY1EEESDYF620P919SS8X,Oct,2001,203.590419,01GY33CCRSCH0JTA2EAVFWJRDV
01GZ1HY1EKSNPK7AWFSWT4BGHV,Sep,2000,721.8178019,01GY33CCRY25A5SFHCZNRJE0DW
01GZ1HY1ERZ8T8DFRRGPK33QZV,Sep,2006,896.5228928,01GY33CCS36WAFNBJ5BAAK5JCQ
01GZ1HY1EZ32PHX9A6N2A4JXC1,Jun,2009,195.9226105,01GY33CCS7H6QHCREZHRC6GKJ8
01GZ1HY1F4BRABYVD1XV2MX7Z6,Mar,2010,71.10054113,01GY33CCSCKAR9CPMPBCHSDVBZ
01GZ1HY1F8S2XXQYNXHNYVCY2D,Dec,2005,99.58129633,01GY33CCSHG4B3VQK2X7PBYQMG
01GZ1HY1FEMCV4ZFXKT5GG8BWE,Jan,2002,622.5077859,01GY33CCSQ8FMXSAG678VNF5MF
01GZ1HY1FHBRSFJNDPNE2A6X81,Sep,2005,443.6832004,01GY33CCSW8ZDM9Y0ZQZ236S3W
01GZ1HY1FMR41R3C40S5WCD98R,May,2007,17.37223235,01GY33CCXCWKQ23KA6HEMWMJKZ
01GZ1HY1FTWTECPHRAN89FYRFX,Mar,2004,850.4525879,01GY33CCXJGST9P72V3TCN2XPJ
01GZ1HY1FZST1D32G6WTXXJT0J,May,2009,892.5278956,01GY33CCXQGV80N7YAMCKDCB5Z
01GZ1HY1G2JQ2GDEHW7JG6H94S,Dec,2005,56.47373303,01GY33CCXYFENM95JABM7P7TFP
01GZ1HY1G6BNYZT2K18MRFT4Q2,Dec,2002,732.3199069,01GY33CCY4QB8VP0C5ENRAWFVS
01GZ1HY1G92GWMVNXGFDHTG6KP,Nov,2005,267.0627665,01GY33CCY9P14K6FSZHRZM1H35
01GZ1HY1GC9PDMEPE8EN8NW1KM,Dec,2005,610.2377564,01GY33CCYF68YDE4A0660HJWQ7
01GZ1HY1GFB4K1QEKVT5ZFA1B1,Nov,2002,195.4336102,01GY33CCYMR7AH3N7N9QKD7V5B
01GZ1HY1GJ6SWD1P8666M6269Z,Jun,2007,102.2640753,01GY33CCYS3AFN0MGJ8VPNA7EW
01GZ1HY1GNDVG78G8CJRYBMF2N,Apr,2004,841.3937195,01GY33CCYWK17JY8Q2FFPM4NQH
01GZ1HY1GRAHNCTNJKTWE6HMYE,Oct,2003,278.2836351,01GY33CCZ01RMKBBTY68KNVXW4
01GZ1HY1GV52NNT3D30G351F7E,Dec,2004,234.325878,01GY33CCZ3PY1R68Z4GZVCR47X
01GZ1HY1GXTHSTHFE6DDR4HMHR,Oct,2004,521.6359865,01GY33CCZ6RDXZE8CXYPZAZK68
01GZ1HY1H03G9W1Y4EJECJ2FVB,Jun,2012,54.04157027,01GY33CCZA3XNDWXKS2AT2812R
01GZ1HY1H3JPZDQEFAAT5KTQMB,Oct,2008,899.3964665,01GY33CCZDZQKPHW1Y7ENM67S3
01GZ1HY1H7BVFY34WBEPAMXH6S,Sep,2000,613.395396,01GY33CCZG46T9693G8W7VVZX7
01GZ1HY1HA81NYPV2QTDQ39MM9,Dec,2009,474.6706874,01GY33CCZKNTE1WK39J4HRJ7Z4
01GZ1HY1HD6XMQ03Y4NM9GYNJH,May,2011,606.0703313,01GY33CCZQ5DPMJQDA2PDNRWMQ
01GZ1HY1HGC0SAJWY6F5BQ4R3C,Oct,2007,302.7450129,01GY33CCZTK6B4B5ESJSEDEHRC
01GZ1HY1JY2TX61ZQ3GPZCM2YQ,Aug,2006,703.3880525,01GY33CCZXWW7ANSH9QBG573T6
01GZ1HY1K39AYRYMNP1GCY8DJ6,May,2000,595.0537818,01GY33CD00Y8MSC0SKJP72FMMD
01GZ1HY1K7P2J2DJ4SNE58HWQ1,Feb,2000,500.3038082,01GY33CD033RJTWD2SF5TB0XRG
01GZ1HY1KAKTTHKN15EM35ZE4E,Sep,2002,881.3121037,01GY33CD07RS1C1P8V9PDK0W49
01GZ1HY1KDH1641R9ABTB5V8WR,Mar,2002,945.0711406,01GY33CD09F51PP2X7QE9R850C
01GZ1HY1KHXPGPF63Q7GXNJ1C0,Oct,2012,78.22170164,01GY33CD0DTBW8A36AGZ36SEDX
01GZ1HY1KMDCAJTXHCQQ77GBF5,Aug,2012,876.0955855,01GY33CD0GX1KWRG5X4TXJCF41
01GZ1HY1KRJEVVCXMW1NHR0000,May,2000,802.9121302,01GY33CD0JP123CGN1YE63JSXF
01GZ1HY1KVABHC65M12A54YED7,Jun,2005,298.9058922,01GY33CD0PX487PFZW0BSQQK2T
01GZ1HY1M5BH0RB87PG2X90C7R,Dec,2007,27.73468657,01GY33CD0RWWBT2KEF8FY58Y9P
01GZ1HY1M8PFFHVGTQSGSCRZ2W,Apr,2009,207.7913943,01GY33CD0V1XKSWSKG8F5S6W2R
01GZ1HY1MCV22ZTR67QF2RXY3S,Aug,2008,969.6186479,01GY33CD0Z2F4HWQK34T8D1QK9
01GZ1HY1ME9M2SDNA0HY3SQKPD,Jun,2006,477.9141899,01GY33CD12T7501YSEZ7HV3626
01GZ1HY1MJBMHZ0TT62K3J0VQ3,Aug,2013,510.1765806,01GY33CD15MZFEFZCC3S00J6XR
01GZ1HY1MNAKC8WWB0KT2YJHCR,Sep,2004,364.7152752,01GY33CD190TA7TZ4XVREQQX0W
01GZ1HY1MSRW4QFY42PNSYGCDY,Oct,2003,709.8453227,01GY33CD1C980M0QVEF4KFAVYX
01GZ1HY1MXXZDMWDC657QC7FJR,Dec,2013,240.9703216,01GY33CD1F3P9ZDCCM1AB56EDN
01GZ1HY1N12XFWNCBEDDXWYSXK,Mar,2012,118.4708757,01GY33CD1J0XWQYNFS5QYMBP55
01GZ1HY1FZ6RSBP3B4W6A1NF1P,Jul,2010,293.1174537,01GY33CCTBKBZ3YW7KG40E6TSX
01GZ1HY1GF3W9V7BKW81KVC2RX,Apr,2010,729.4586077,01GY33CCTHMSMSTSW3MDS5C3PD
01GZ1HY1GKJR44KCJ73737KJX2,Aug,2009,132.8734743,01GY33CCTP029A13WN4VFYVRAJ
01GZ1HY1GRYFAYZDQ2TAAMM6X4,Aug,2000,856.8394092,01GY33CCTVS08N8P6TFY0JH4QQ
01GZ1HY1GWPERM3Y797GEJ8T09,Aug,2010,541.0253138,01GY33CCV05CCN9D30EC049NXZ
01GZ1HY1H1N1Y0FCRHHJKPZFVB,Apr,2004,232.8938323,01GY33CCV54K1M03K7M379HY4K
01GZ1HY1HDRQJQPDCBGVJ9F2N9,Nov,2010,529.0744454,01GY33CCVACKX0ARCGDGD5H4MR
01GZ1HY1HH404HYJ9D4Z87JD7B,May,2003,961.1712652,01GY33CCVGYRVYP336XZ3EA52X
01GZ1HY1HPHF0ZP63S34W59D7F,Nov,2006,540.9227924,01GY33CCVNDFT8KT4Q45NWWW88
01GZ1HY1J0MRBSAFAKPWGRD454,Aug,2012,559.0380731,01GY33CCVVNWN0P64Z00RM1PHK
01GZ1HY1J71RKHSZFVVR1H2QNA,Apr,2001,819.7458026,01GY33CCW1RVCKJRD8ZRN5ZXC2
01GZ1HY1JCX9TBFZ03YZGFE3Y8,Nov,2006,56.20774461,01GY33CCW7YK9T8EJ0TP00VD53
01GZ1HY1JJ4PHXJ7C38PWGYQ9V,Jul,2001,527.6826123,01GY33CCWCA67DYT7HAZMKJ0Z9
01GZ1HY1JQ36M8EC3JW72MW0WV,Sep,2009,623.1726646,01GY33CCWHH3ZAFE4QDRN1KWQR
01GZ1HY1JXZ6ZAD57A5D2MS91Q,Jun,2005,636.0854579,01GY33CCWQK9ZVHYHS3148PSRM
01GZ1HY1K352F3GKERTC40P2SM,Aug,2011,776.8069352,01GY33CCWWJK2HQBMM4AEP0T9T
01GZ1HY1K8H8DV033P45EWAQ2T,Apr,2004,798.7790424,01GY33CCX2EERWWZWCEQVR8915
01GZ1HY1KEWR84KPER8SQ4R1CR,Feb,2001,960.2814749,01GY33CCX84EXX8M2E9QA7BGFC
01GZ1HY1KK8PPA3ZY03V77AV5N,Jul,2009,68.3201872,01GY33CCXDT91EA5NDDWJ8QBCM
01GZ1HY1KT3771T9TKVW64RZG0,May,2000,974.9129375,01GY33CCXKYKN809PXY8Z3ARCJ
01GZ1HY1KZVDHRFYZE6ETPTQNM,Apr,2006,676.5669244,01GY33CCXR2YN58Y38N4YQRCZ3
01GZ1HY1NSBN57NF6RDQ94ECFW,Dec,2006,976.1767702,01GY33CCXXW9T6PMXMHMND7P8G
01GZ1HY1P0G8H233WYV9V3B7EX,Jul,2011,644.7578955,01GY33CCY3XRAR0J67RHDA40F7
01GZ1HY1P8A14JTT9Z7YX7H37A,Nov,2008,890.862248,01GY33CCY76RFXQS29AYNF3547
01GZ1HY1PEP0DZ86M9K9C1KJE7,Sep,2010,160.8706188,01GY33CCYBZF5YGCHYGTR4HW5Z
01GZ1HY1PM27YXKN0X9QJFR2NT,Aug,2008,617.2560736,01GY33CCYE2FZT8P9ADCG2FTRW
01GZ1HY1PVQVTBTF8Q10HJXSDN,May,2010,593.1566734,01GY33CCYJ2RWE0XFSH0ZAS2R2
01GZ1HY1Q20TXXWK2YZFX6W4FM,Jun,2000,700.858906,01GY33CCYN0629E9PKKDGN4G4F
01GZ1HY1Q8P4CG2C6MRG4WH9X5,Jun,2003,513.8685741,01GY33CCZB6M1J58Q26M7PQSYX
01GZ1HY1QCZR5Q9GVGAGHD12ZQ,Jun,2012,256.9217147,01GY33CCZF0HGACDB34KTMXBPC
01GZ1HY1QHB049EKGQRG6JMTPX,Feb,2008,283.8347566,01GY33CCZKZ55QFNMQSCT8T96G
01GZ1HY1QQR9WSREZCK9EK84QM,Sep,2006,407.689743,01GY33CCZQA44R6TCDX7WGDC2X
01GZ1HY1QYXAQQBKZDHK2AF3VS,Dec,2003,815.3304143,01GY33CCZV80TP2FJFQX67J85Y
01GZ1HY1R4TA0KBVJ1NVHR66BK,Dec,2011,87.53048887,01GY33CCZYDZQSGYMJV14WD5D7
01GZ1HY1R9KJWB1GGXRTPE9SR4,Sep,2003,839.0811029,01GY33CD0269Q889JXTBDYJ4T7
01GZ1HY1RFG395JZQS4MBKDYHH,Feb,2002,516.1463229,01GY33CD06MMSVFQW97W1KPSTA
01GZ1HY1RKP2G3ZS1AX2WEZKVZ,Feb,2013,573.4205297,01GY33CD0ACK8X4QAGCHYV0XCT
01GZ1HY1RSPXG7ZPNGNEAQA3ZH,Oct,2011,72.71499715,01GY33CD0DDT8VAXJEWVA8MR6J
01GZ1HY1RYG69MN45Y6RT9J5Z2,Dec,2002,836.9564591,01GY33CD0GVZHV0ZQ338MM5JHM
01GZ1HY1S429YWY1MSKACZY129,May,2009,711.2667359,01GY33CD0KP1BT7SMCBXRPKR2F
01GZ1HY1SBD1W51V60FDYZVEB3,Mar,2001,337.1504945,01GY33CD0PY215V8JWVMVDX2J7
01GZ1HY1SG44GVX3RH53VYH71F,Mar,2011,848.4100398,01GY33CD0T73N3Y2DA55W9PFGG
01GZ1HY1SQ81ZQTZ0XS6FPHRP0,Apr,2010,821.8769169,01GY33CD0X6VRRGYMJ3CJ82ADN
01GZ1HY1SW8HTZRHXVG1DDPZS0,Jan,2008,265.2571961,01GY33CD11JAC4QX7XFQS5P2R9
01GZ1HY1T1RN3RXB028RVWHZ53,May,2005,847.9669918,01GY33CD151N77RS4J2312ERKX
01GZ1HY1T6E9K720R7643M3KQR,Aug,2013,521.671834,01GY33CD19KZ1NVQHFQ40P6C0J
01GZ1HY1TCSR6B9R5VQ1JNNS5Q,Nov,2006,301.7237966,01GY33CD1EVF53T21P1VR3MMC6
01GZ1HY1THFK64XA64QWEJFZPP,May,2012,402.1991997,01GY33CD1JQ606B26AM9Z8MF4Y
01GZ1HY1TQBWCPZT51GZQ3BVAG,Apr,2010,174.9915491,01GY33CD1N8RZ075N6TAANKJ8S
01GZ1HY1TW43ZNCG706F2J1SRC,Sep,2000,939.7813139,01GY33CD1R4N6TD53PX7BN5XFJ
01GZ1HY1JKN14GCNMR4QE9FGM6,May,2000,151.2383638,01GY33CCS44V1KD602XJ1ZAVBN
01GZ1HY1K0KCBAXX01DYHVW9XR,Mar,2005,921.7300401,01GY33CCSDHX98RH5C9PD2GNBQ
01GZ1HY1K5CPVQF1Z1XSP13AE7,Mar,2012,280.5351808,01GY33CCSHR22WNR2EA8HGY12K
01GZ1HY1K8Q25HYC90PVP5TP9R,Jul,2005,210.6673825,01GY33CCSN8J2HV9T033PSGQCA
01GZ1HY1KASDV652T4HBTZ6MQ6,Apr,2013,700.1197377,01GY33CCSS5KDT0FXCHPBF6S8K
01GZ1HY1KDN7CTMM21WJJCNS9B,Dec,2005,640.6300793,01GY33CCSXYSC5RBHG20AD9CBF
01GZ1HY1KGPW4RET89NR67MXYX,Aug,2001,202.7939267,01GY33CCT10TG6B6XRRRABJT0V
01GZ1HY1KMBJDNFEEYB47T6AAQ,Oct,2012,299.0747752,01GY33CCT4SXP242N3EAYVMWG9
01GZ1HY1KQTPKXNGAHBKA3ADWT,Aug,2008,392.9246398,01GY33CCT8DX9G5EASD2MQANKE
01GZ1HY1KT668VHQE1JW9MA4MF,Apr,2009,591.6585835,01GY33CCTCDYX0BK3KCB1B9139
01GZ1HY1KXQ98S37N8WWVVD8XQ,Oct,2011,725.8036026,01GY33CCTG5S6SJCFPF2H21TYK
01GZ1HY1M0T70337S54J2Z202Q,Sep,2003,62.88846025,01GY33CCTMVCHWPV17SJKYH9B6
01GZ1HY1M2CPGXJ752F1DNAZZ8,Jun,2012,248.0938173,01GY33CCTQW5JP12G6KW46BE1R
01GZ1HY1M5CRMZQH5RZR60AGGA,Mar,2006,429.4380879,01GY33CCTT1VMH606GR2QYKKN4
01GZ1HY1M8PZFR8FJ2E0ZPXHS8,Jun,2007,254.2222376,01GY33CCTYZ6AD6HMXSJT8M72D
01GZ1HY1MCC46CM6DBN7QRVB28,Dec,2010,181.6113845,01GY33CCV1TBF0ZHVF2KYERK41
01GZ1HY1ME7PBE51Y8RG9P1P80,Jun,2013,18.89815309,01GY33CCV5X815WGEAH9HTJ5HW
01GZ1HY1MHYMCKMG341BARWE5K,Mar,2000,337.9954427,01GY33CCV80KWJG43WQ9K46KR8
01GZ1HY1MNM4ZX6P3PF7CBXV8K,Aug,2013,202.3788555,01GY33CCVC1TQSSR3XP28FF610
01GZ1HY1MSTXJQNDF1555R5Z9Z,Aug,2007,3.677805874,01GY33CCVF1HW7KQBRDDAK90EM
01GZ1HY1MW1N94ND0525Z20GKH,May,2002,531.3029309,01GY33CCVKHRDAAGRAEDW72B8K
01GZ1HY1MZD8AFSW796RXH37X8,Aug,2002,570.3407017,01GY33CCVP64K53QHD4M85HZ5D
01GZ1HY1N2F2C2QXGGB9DMGATV,Sep,2008,802.6062666,01GY33CCVS6C7YS8XQ3X9GMQM6
01GZ1HY1N543YM5K9ZT2EBRNNQ,Sep,2001,234.6881594,01GY33CCVWXPGSVZWW97CK4PPM
01GZ1HY1N8GK9CETXQS7ZT951F,Jul,2007,26.93389014,01GY33CCW02FT1ANFXEWGS6941
01GZ1HY1NCNMEJX7TV4YTFFPAZ,Aug,2000,459.9632741,01GY33CCW3B42CVYVPGNB6GXV0
01GZ1HY1NF1N0TCM84QD1PF7JM,Sep,2013,737.9854583,01GY33CCW7FXN98R4C5KJA12X7
01GZ1HY1NJ53C8W9N8HRNFF95E,Mar,2002,531.2255621,01GY33CCWB5KJ59BPZ8G15TNK7
01GZ1HY1NPJJA82ANT97XD4F4G,Oct,2001,458.259872,01GY33CCWER3KWZ12YQD4TVFEP
01GZ1HY1NSAC68J31EPCADEP99,Apr,2008,763.1766871,01GY33CCWJ6KVG97NNAQRV2V4B
01GZ1HY1NW85V8JWC38BCTN8Y2,Oct,2010,524.4206404,01GY33CCWNWV9ACCTKRVJ41NBZ
01GZ1HY1P0W7R28TJMHCGXG27S,Dec,2010,694.1481316,01GY33CCWRB5DX3DFTQAZA4AHM
01GZ1HY1P36RDM77QFB2WE72E8,Sep,2000,228.4045752,01GY33CCWVD82CETBYBWRPA9CD
01GZ1HY1P6G3T7J43Q7E9H8FVX,Dec,2009,971.2699902,01GY33CCWZZZ6ZXH6NK3H3NB9V
01GZ1HY1P9GHZ23F1QRFB53N1Q,Apr,2013,334.866409,01GY33CCX2TRA7GPK2CRY44GBG
01GZ1HY1PCBM9RVBCPQKD8SWTK,Mar,2013,751.7284542,01GY33CCX4VVKVYZNF322FYPG3
01GZ1HY1PFQ1234H37ADVXMJBQ,Feb,2011,457.7083857,01GY33CCX86C7HQK6MQT3H9V3T
01GZ1HY1PJTCM6810GM76XFWGY,Apr,2005,423.4352768,01GY33CCXB3JXDN6CAY29CFDEB
01GZ1HY1PPYJJVXWF7R3596MFF,Jun,2004,157.3390518,01GY33CCXEBVGNAC33GC41V2R3
01GZ1HY1PTYTTG2FRJ6019BYZA,Mar,2012,398.8624654,01GY33CCXH63A977CA06C5HRBM
01GZ1HY1PXZHPWWF83PRKH59YG,Jun,2011,678.5211535,01GY33CCXNPNNATWBKTGG6NV7N
01GZ1HY1Q1CJXN89AMESGPZY6M,Nov,2011,38.21589691,01GY33CCXSHV2JN83J9EZKBHNA
01GZ1HY1Q4HG98S7GCMS8DWX3D,Nov,2000,894.7668996,01GY33CCXWS7YFBBW0MZXVAWRY
01GZ1HY1Q7F2MV1CXD6MBAMFZW,Nov,2007,825.9305356,01GY33CCXZ8YZA4TMZ344WA4QS
01GZ1HY1QAPQJ8VD4KFW938J4X,Feb,2007,885.2636754,01GY33CCY3N0DSEHRZZQM5QG3T
01GZ1HY1QDRRZ8E4GV0RKN68C4,Jun,2001,798.7788718,01GY33CCY6SF9116P4EXDYGTNE
01GZ1HY1QHPTAGG4FCPPVM261H,Jul,2001,542.3927498,01GY33CCYAAXSY2YKEACRG895C
01GZ1HY1S0Q3CJS2W3RCSMCV3V,Aug,2000,309.3645839,01GY33CCYE82YFA3RD66DMBCPD
01GZ1HY1S5NTRFTK5EBBY65030,Jun,2013,769.0062723,01GY33CCYHR3VTR6KAF773TG2T
01GZ1HY1S9WNPRGB8Y551ZN64A,Jul,2006,286.3769393,01GY33CCYN12WEA821BS25J1KP
01GZ1HY1H9FCPQCP5Y6S90JXP6,Feb,2012,37.1043821,01GY33CCT9TRDMS9GT8KZC3B6N
01GZ1HY1HTZX6360X8FDPN4Z9V,Apr,2008,220.8763111,01GY33CCTC1EBSTDVKKCYT7EVM
01GZ1HY1HXQPEFY9HSFQJJ4G9D,Dec,2010,852.7751434,01GY33CCTG7GE942M7FW2VAVG9
01GZ1HY1J06YH6AKZSS5DDWSB2,Mar,2009,727.9449961,01GY33CCTMK5N2SZS0CV2BF6QA
01GZ1HY1J3J9AG5VSVAE61ZDEJ,Jan,2012,406.9191837,01GY33CCTQTFTZA96QZ3C5PFEF
01GZ1HY1J676K45YTNAVVS1GF0,Jan,2004,421.8888231,01GY33CCTVSFV68WE6ED1CDW27
01GZ1HY1JACSN9NFRZJTNA878A,Jun,2012,314.5637244,01GY33CCTYKHVK1XZBQAR65JSH
01GZ1HY1JE9Z272S73670CZP05,Apr,2002,970.1882122,01GY33CCV1PQYH744KEZCXRPRB
01GZ1HY1JH7S2N49TZA7PZZNG1,Oct,2012,725.8687373,01GY33CCV5RN5DAMQ6BM6WTCT1
01GZ1HY1JMHYT8R50D62DXA0NV,Apr,2011,583.7548415,01GY33CCV97YWB31YETSVSTT20
01GZ1HY1JR4B083VHWE3FQZM66,Mar,2013,745.8751091,01GY33CCVCHRK8V0DHF6GERPCY
01GZ1HY1JVVM4XJMZJKPQEZ3DJ,Feb,2006,776.4284507,01GY33CCVGT4MDZAJTEPTRTAV5
01GZ1HY1K1ZQYFX5QV5FTE0PGX,Jun,2005,322.9884357,01GY33CCVKMHB03CYYFGCY9BMZ
01GZ1HY1K6W4A1DNRV1D8SN0RD,Jul,2002,330.0950773,01GY33CCVQEJYF86FZXNB6R0HD
01GZ1HY1KCP9M56AXVA48BW7W9,Jan,2002,222.2236353,01GY33CCVTCYPE9FA17P2F335P
01GZ1HY1KHASCN52189DAP903V,Feb,2008,838.6430188,01GY33CCVYE6VS2GZJZ53MEXXH
01GZ1HY1KP3FECE4VQJV77YQ78,Sep,2006,692.4994714,01GY33CCW2QAB2MXPN0WH73Q86
01GZ1HY1KVZGJ13APZKD49TEFD,Mar,2005,980.6337971,01GY33CCW6DFB76S793H71BSS6
01GZ1HY1M04TH5QQSGSJ4GGD1R,Jun,2013,598.8392223,01GY33CCWA8568T5S28ZQ3RERS
01GZ1HY1M5GM65EP405ZBCJADG,Jun,2001,805.9208766,01GY33CCWDHBMPV8WZ0V8PKQCM
01GZ1HY1MAXQVX42EV3FZZAYFH,May,2011,999.1631365,01GY33CCWHHCZ9EK361GWJ95NJ
01GZ1HY1MGE83C91VW17MC3947,Jul,2003,619.9287829,01GY33CCWMGX81ZMC9AR48SVH5
01GZ1HY1MNBTWKMDEFBFHDA5DZ,Jul,2000,939.1260903,01GY33CCWRNVXFWK6R8AN4VPP0
01GZ1HY1MVN6CD7VTWTKPAKSWH,Aug,2012,530.2019049,01GY33CCWW2DKBVTF8MW0C73QJ
01GZ1HY1N0D2YEV9MNG5PP51FC,Feb,2005,389.8209237,01GY33CCX118TFNZVJDXF6ES0F
01GZ1HY1N5AX20XVW6W65RTCD9,Apr,2012,898.7770455,01GY33CCX42PGKXD8S1KJTZ35G
01GZ1HY1NACH5DN0GWS9Q3WQZR,Sep,2002,146.3227298,01GY33CCX7T513EJBSHE9PBEF7
01GZ1HY1NF8NBJG50EK9AYJ703,Aug,2005,430.3997865,01GY33CCXBVMD0QPXHBTJDAFK8
01GZ1HY1NMB70Z7HCAX2Z1D022,Oct,2002,210.088076,01GY33CCXGYGPEYB0HR05RT8V5
01GZ1HY1NSJ72C76C3TA858TVV,May,2012,925.2556186,01GY33CCXMBZMJN6QE74ECKB9X
01GZ1HY1NYHKS70N8QYFQ1V5SG,Feb,2004,388.7236581,01GY33CCXQJK6PEBTZPR0D7BR0
01GZ1HY1R3P3GP5050M4KJMWSW,Nov,2009,512.7816782,01GY33CCXV7STW2S5FZ4AW8CVQ
01GZ1HY1R8QGN71XN2X7E2QX3X,Apr,2009,452.8372518,01GY33CCXZZJNJ1NG998PTCAGV
01GZ1HY1RC41RZCEMM1GYZD500,Sep,2013,836.2430635,01GY33CCY22VQ2E55KQYZJ57M8
01GZ1HY1RG34D1TFY1KBWD8JF7,Mar,2012,262.7271344,01GY33CCY6Y9YP09932AT2PCY9
01GZ1HY1RMVMGNNCJVP4HW4FMY,Apr,2009,61.80209251,01GY33CCY9C24KY1A825NMFM2R
01GZ1HY1RQDG28HC2SVT6GFC91,Feb,2004,872.2743953,01GY33CCYCFETGD07S3E3QP9VX
01GZ1HY1RVFX8TDZT8GKKZWN6J,Apr,2012,493.4144707,01GY33CCYGGFP7NXH5DQ3EYEF8
01GZ1HY1RZTHEYMH267ANPNWPZ,Aug,2011,547.8073741,01GY33CCYKY1ZV91N70Y0FCJV8
01GZ1HY1S20S3XMSK4D4HAPVJV,Oct,2012,978.6695298,01GY33CCYQ2ZSEK7BW799FDBQ6
01GZ1HY1S6A0CD26GEVD57NBPG,Apr,2011,699.8394182,01GY33CCYTK96FE20FBXHJ8CCR
01GZ1HY1S9954A90GZV0HEBJ0E,Feb,2003,361.134033,01GY33CCYZDP9VHM646AZD29JT
01GZ1HY1SCKPT2JMRWSW1TH9MD,Dec,2007,8.968269251,01GY33CCZ5DW3YH8H80ATT2KH4
01GZ1HY1SFK0H2P5WX3E419W37,Jul,2003,63.99708564,01GY33CCZAP285CNQ372VBMWXC
01GZ1HY1SJZ15Y7JE7JZE7B4J5,Feb,2007,659.3898009,01GY33CCZE8MGVQ65QVRBR4PRJ
01GZ1HY1SNZ7N2TDBKQBD8BB17,Mar,2012,86.72302155,01GY33CCZJM3KX96PK4XMGCFRR
01GZ1HY1SSJA6DZQHSGHM5JS9T,Jun,2011,606.0064323,01GY33CCZPPKGXCM30Q3QRFSCJ
01GZ1HY1SWDP13YJPRQ8YAY4TW,Oct,2009,58.13641219,01GY33CCZT8SC7EQKRC37DW48S
01GZ1HY1SY0R5FDNVMV4CQ3TXC,Aug,2010,807.4692492,01GY33CCZXX4KQEPJ9H8NJVGYG
01GZ1HY1T1816XRRP1QSFRDEEZ,Feb,2004,953.0613976,01GY33CD00J63BC7CETW31APTY
01GZ1HY1GR8K133N34ZZY789MJ,Mar,2011,846.7782268,01GY33CCVR3SC9AM10MXDP42PR
01GZ1HY1HM1HWE62HMFS145EPS,Feb,2003,115.4147878,01GY33CCVX9BNF79A8G6J88FSA
01GZ1HY1HTWB5904SKQHPSNEKY,Nov,2011,612.9323092,01GY33CCW28W13H2NQG53GHEWA
01GZ1HY1J0P8D0N10T2W8ZZ7VG,Aug,2010,919.5842271,01GY33CCW5BJ4ZW909DTFCYPP7
01GZ1HY1J42460CR4S0XP3KXEN,Mar,2002,749.3364127,01GY33CCW94M7SJB0KEA6NA948
01GZ1HY1JASYJADG3AK4ZW0SZ8,May,2004,585.9168446,01GY33CCWEKZYYJH351QZPXF5J
01GZ1HY1JG8ZCJ1ATZ1AFYY8N2,Jun,2003,714.0347356,01GY33CCWKK5Q5BAAMRVFNF48M
01GZ1HY1JPW9Z44MCZACNKVY48,Aug,2012,813.0305607,01GY33CCWR36XDSTRA8EPPCP0E
01GZ1HY1JW4X1SFJBF0H5VYB2X,Jan,2011,256.2151438,01GY33CCWYS8A467JWP7VFRB7B
01GZ1HY1K3RDX959MGMQ1WE98M,Mar,2002,609.7309,01GY33CCX3836YF57R22TH6FE7
01GZ1HY1KB2XSDVMAN683HYYQ6,Jul,2011,195.0246062,01GY33CCX9N800WV7M58RGNP50
01GZ1HY1KHFJF1JV18G5Z2PM00,Aug,2004,726.128972,01GY33CCXERRSNM6FEF6NHKWQF
01GZ1HY1KR0E6DMSHTHYA5FP0B,Aug,2011,45.48393793,01GY33CCXM7B3948X75YRS7XAS
01GZ1HY1R554MS1PNAG0PXTE3W,May,2011,470.9556451,01GY33CCXTJAA3938QP3PDSAPA
01GZ1HY1RBF1RTT9EGVNMW4XJF,Jan,2008,603.244845,01GY33CCY03927QW1PRHKARNNF
01GZ1HY1RJ9HBYW3PZV2SPPWGT,Nov,2007,93.90730137,01GY33CCY57060GZBFYAV2NMM6
01GZ1HY1RR8DY52CSERED85J20,Jan,2003,488.3975352,01GY33CCYBZADPTTQWMNH4S93D
01GZ1HY1RWZ7N8TM288HAA3CY8,Feb,2006,313.2926447,01GY33CCYGVYKX5CC03Z2PKBFN
01GZ1HY1S021H2G8QJG9WYASJ6,Oct,2008,924.7695348,01GY33CCYPEA9HMQKHEF3ZPN1T
01GZ1HY1S5YS2RG2A1PRFVYFBW,Feb,2005,946.4408602,01GY33CCYVX4DH4JGMY55VRY30
01GZ1HY1S8N34CTT0Y0VXF0C8S,Mar,2012,587.4534841,01GY33CCZ14D1RAMCFKMSJNWN2
01GZ1HY1SCDNRYVM1BRKD4E3P2,Sep,2000,977.830925,01GY33CCZ54Z3MSNK93A2K0MPW
01GZ1HY1SFM4318DWB45JDQ68R,Sep,2006,52.9730055,01GY33CCZ8RNYBJ7QFC64JR3FV
01GZ1HY1SJX8CK82KXCVVTAW03,Jul,2009,607.3706542,01GY33CCZD2QACPTC4HYQ31VMQ
01GZ1HY1SP2H86N2PA3YWXY9DX,Aug,2003,411.2314367,01GY33CCZKWDPBYQ1GDWHT71RR
01GZ1HY1STFRFA1KV7864W38BP,Sep,2009,452.3595675,01GY33CCZR8SZDDDBD6SE2A4J3
01GZ1HY1SY1WT185SRBSCT5WGM,Aug,2000,352.2780191,01GY33CD0GP0ES7F233H1SA213
01GZ1HY1T5WN0K2SYP6BHNS0ZM,Sep,2004,142.140146,01GY33CD0Q6N5FZFTR7AW098A2
01GZ1HY28RWRTK50DFN1MWKVHB,Oct,2013,139.7003498,01GY33CD0WWAJXYEN8BBCXYNBD
01GZ1HY28WH98NFMN4RRSRX4GK,Jun,2006,467.7636893,01GY33CD12XN8WW2KABY2XFMV7
01GZ1HY28YY7MZZF6GDDFMF15P,Feb,2003,991.3871386,01GY33CD18BCSGVAC851XJ8HVP
01GZ1HY291G67T7RGMMHCV9S69,Aug,2007,412.1924761,01GY33CD1BZ3W1RQTQZ33DRT06
01GZ1HY2948Q5RS78CQHS7F7YG,Jun,2013,153.3398399,01GY33CD1FYZ0DTAPEAPH0T93C
01GZ1HY297PAAGJTKCC1P3TVXM,Feb,2005,788.9971343,01GY33CD1JF6Y1QNS9SN0SGD8H
01GZ1HY29ASNCCBKJ8CV9ERB59,Feb,2012,154.5716915,01GY33CD1NKGD06M46XMHMKAXQ
01GZ1HY29DWNPGGV0YC218MXTV,Oct,2013,422.4062874,01GY33CD1S9132ZYTNMP4BQE7Q
01GZ1HY29F7H825ZZ4G6HCE04Z,Jul,2009,410.795238,01GY33CD1XMVKZCBXTV1A25E5A
01GZ1HY29J9YCSJK6ZKY9WP437,Jul,2001,472.4039302,01GY33CD20YMFKRSZRQN6DBQ8X
01GZ1HY29NCWVBA6YDK4GVAPXC,Aug,2001,882.8719936,01GY33CD23NR2ZEK7SSAV8BABV
01GZ1HY29RHNRDTD16BG5MK282,Nov,2003,427.8658793,01GY33CD262TP43H21XJJF98X3
01GZ1HY29V6VSKB210Q78TJWM0,Oct,2004,492.4795281,01GY33CD29VXJCPS63FG9S6T12
01GZ1HY29Y4B0N960XX892W7V6,Feb,2006,801.1220378,01GY33CD2CFMVTNJY4DGJCWSFZ
01GZ1HY2A10XZJ69N4TGE956XD,Feb,2010,209.5620077,01GY33CD2G40T396D0QH7AEQXT
01GZ1HY2A4S76KY8MVQQW13Y7E,Aug,2000,838.7462626,01GY33CD2KDY3AB63D9YJ4TDR1
01GZ1HY2A7YFVM72WSTQYP6ZG8,May,2005,893.0225528,01GY33CD2PH8WRH24KWFT82J9D
01GZ1HY2AAVTCD1C63E71WGZXY,Feb,2002,308.0786845,01GY33CD2TW0A7HXTJPGNS92BY
01GZ1HY2ADJPP4JBT0BHM0RGZ0,Mar,2008,607.7416493,01GY33CD2Y4CXJ3MKMDCW6DCHZ
01GZ1HY2AGP6GGH3JC54GJVQKJ,Jul,2012,374.3686835,01GY33CD31VW2HFEQH6FEAP8DF
01GZ1HY2AKDW5MES3K6VJ9NV96,Jul,2004,170.5105987,01GY33CD35F5WSD02YCAVVSGB4
01GZ1HY2ARND3EQPW9J8S8E552,Dec,2000,82.03303574,01GY33CD38RQB8YW8PN3CTQ4X9
01GZ1HY1FGX0DASXNXK9TBJZ34,Dec,2007,128.1063456,01GY33CCSZ6DQ3RJQSKZ9HW6B3
01GZ1HY1G3JEHGKGX80Q87R6M8,Dec,2002,199.3507842,01GY33CCT2FFPHJNZ38CF7D9XC
01GZ1HY1G74QYKR0XX9GYMCJCH,Nov,2008,22.77323618,01GY33CCT5WF74PQZEMT1XY6VB
01GZ1HY1GBAA4X6ADB4DY98KTV,Jan,2002,622.8577585,01GY33CCT834RW67MW02SE4KR4
01GZ1HY1GE2F5A3SB14316A95W,Jan,2007,177.9170067,01GY33CCTCRKY6FMGT0RDHSX5P
01GZ1HY1GHQ3Q43VFTQWJFCTJ7,Mar,2013,422.413054,01GY33CCTFC0RX7E04YVVJSS78
01GZ1HY1GMATE6B1VSZVD6NABZ,Oct,2000,23.24383297,01GY33CCTK992E3FZHDAC108W6
01GZ1HY1GQQM2Z8ZYRN7596C2K,Dec,2002,505.3107417,01GY33CCTPJ8E8ZA7QEPS1TN68
01GZ1HY1GTCVX2PJ0GVWCYZF3Z,Dec,2006,46.72915224,01GY33CCTSCV18FHP89RKM03BQ
01GZ1HY1GYM0W2BV7KK6CV47PA,Jun,2010,259.7110097,01GY33CCTWQ0Q9XS24APNKXV16
01GZ1HY1H20HW369RYHH0ZYKDV,Mar,2008,35.15712549,01GY33CCTZG6Y8VB0KWGXMXJ04
01GZ1HY1H5D1XCEM016D3X4XTX,Mar,2002,120.3285503,01GY33CCV2MKY4PKBVZFR9N0XC
01GZ1HY1H8Q43M5BR8R8TCKQZP,Jul,2010,76.42531668,01GY33CCV56C7VR6983T4EGP4S
01GZ1HY1HCJDM7D2EZQM702NZ8,Apr,2013,111.674753,01GY33CCV8JCBG9EK17A515ZYP
01GZ1HY1HF0BP31T4ZVDZBX0TC,May,2003,783.4676382,01GY33CCVB8SX6J9TRFA15T4X6
01GZ1HY1HKJ62PFW91F1N2ET8S,Nov,2007,4.619089784,01GY33CCVERGMJ5V3WEHR3SRJY
01GZ1HY1HP7DEMPJRQYRYA2VXT,Jul,2008,945.94483,01GY33CCVHDRE42WS06B9YW1C5
01GZ1HY1HTTJ2PB0HPAZPG8QDH,Mar,2000,223.5428528,01GY33CCVM7HTFGTRKACM1NG55
01GZ1HY1HZ2MXARMBPFJ6EA57C,Sep,2009,474.4867955,01GY33CCVQQK0Z3DSFN0PZM4QD
01GZ1HY1J2G8XETDSWDX5EN6ZB,May,2013,373.2134157,01GY33CCVTJX8VNDX5KMX86BJC
01GZ1HY1J6Q79WNQZVF8V4QF14,Feb,2007,699.6990881,01GY33CCVXBY7B91YJ0FRFMGFQ
01GZ1HY1J9P8N0G3QX8CJCACMK,Apr,2000,902.0432261,01GY33CCW13REPR1KRKS9250E4
01GZ1HY1JDCWJ0BBAESKRZABG8,Nov,2006,103.4538307,01GY33CCW46G4EN8VAYF3WWV9N
01GZ1HY1JGVABBKJBZZHJE8SKT,May,2001,269.7381733,01GY33CCW76Q7EFC533ST9M597
01GZ1HY1JMWGRQ0SP81YGDRX5Y,May,2004,643.9012568,01GY33CCWAB1WHY7NTKE337PFF
01GZ1HY1JQHTVN6CT7ZAPEJD5F,Jun,2010,53.36173141,01GY33CCWD6V4QE60PXD0H9YPD
01GZ1HY1JVSE2MX9QDYBHKZYCC,Apr,2007,384.4127759,01GY33CCWGFXCKT65V87Y1F2HZ
01GZ1HY1JYYTWZ0YJ6XWJGBM90,Jun,2007,627.9877296,01GY33CCWKZASR9KQPZ930HE5M
01GZ1HY1K255KS6EMMN588PDA4,Jun,2012,151.8910472,01GY33CCWPTXM6KNEV73YZFEX3
01GZ1HY1K5WH5G5Z09NSBCFTMY,Jan,2013,842.9939544,01GY33CCWSTC9X517WN81VFZCF
01GZ1HY1K87RM5RNXSSAFGWTSZ,Jun,2010,315.598092,01GY33CCWW8QG5BAHHGG0E6SNE
01GZ1HY1KBJT0CD66BFWNF8MSG,Sep,2004,584.8938683,01GY33CCXPCZ5DXW304PBFJZZM
01GZ1HY1KECQR2SKNMWXYNKW7Y,Jul,2013,403.5528324,01GY33CCXVS823BM2FKZJ53SMP
01GZ1HY1KJ75WBEVCNMR20VVSB,Jan,2013,580.2315417,01GY33CCY1358AX8VCW8GKHZES
01GZ1HY1KN6ST4X08P51FZDD1B,Sep,2007,953.1722988,01GY33CCY8RNX344HC9N8XKHAE
01GZ1HY1KRQT98Y9Q2XQQQ2PP5,Jul,2003,268.9557223,01GY33CCYFBFF8X74FWN2649CP
01GZ1HY1KVB9RB2319SZH8SK3X,Aug,2002,286.7190868,01GY33CCYNCPK6F01JGNG74JCC
01GZ1HY1KYP26MGH6Z72H18K77,Aug,2003,86.56547478,01GY33CCYTSNBDF31NAEHVW90A
01GZ1HY1M2XFSWR10BZGGP36KE,May,2012,323.5631435,01GY33CCYYBDEXC67095PPVK6J
01GZ1HY1M5V1S1EV3KQXSS9Z16,Mar,2013,270.2951433,01GY33CCZ29QM4P8J920NJHEYP
01GZ1HY1M870K0ES29JKSKMPV7,Feb,2000,511.1493466,01GY33CCZ5YGZSFE8REABQYEBJ
01GZ1HY1MD48JG5DYS75H1FS1X,Feb,2006,842.1093886,01GY33CCZ8YXAGM72KJ7G9M6TR
01GZ1HY1MHX43V0GWMCMM7MPWV,Aug,2004,235.0396258,01GY33CCZBHPYD836S93SNZA8Q
01GZ1HY1MM7T2DMHR7BMGANP11,Dec,2000,142.3546597,01GY33CCZE6TETXRBPDC8RWHN5
01GZ1HY1MQXB72DB5S0K84WFAR,Nov,2013,739.4499842,01GY33CCZJM12W5RW6T42GGYGP
01GZ1HY1MV9KT8QZ0FWKN25DTM,Jun,2008,255.7387576,01GY33CCZPKRK5VH87KWA9G32R
01GZ1HY1MZT34VZ2H9N3D0FAQ8,Nov,2007,776.1047316,01GY33CCZSVJETA0T3AA1Q2SZK
01GZ1HY1N31PDF061ZCJ06H4VX,Oct,2008,148.6750208,01GY33CCZXMSZR705SFPNMHZWS
01GZ1HY1N7YKYQF8RVYX3P7QEJ,Aug,2001,512.4431947,01GY33CD00NM93H9H2RNB6KEM7
01GZ1HY1NB86W3JN5DM1ZXG5XS,Sep,2005,116.1479912,01GY33CD03KHNA2BTM9QWBKF3P
01GZ1HY1GVF5R77MMMPK0K0V4C,Apr,2004,559.5436885,01GY33CCVP8SPQ51PJ88GYXJE4
01GZ1HY1HK6VZ15WQZMNSG417R,Feb,2010,567.9113566,01GY33CCVVPJGZ1S7EFSX60SBK
01GZ1HY1HS5FWHRW4G0DGP4T43,Dec,2007,975.5322884,01GY33CCW12BT0MGK1JD95YRR2
01GZ1HY1J09D91WZZCDB1FAZMV,Oct,2002,695.1187476,01GY33CCW7GNC9XR86Q6HH3R5G
01GZ1HY1J431GQ2XS6219WTEZB,Apr,2003,497.5724919,01GY33CCWD3VHEXYGHJ3MAZGEX
01GZ1HY1JA3SW5QMYGZME36P3M,Nov,2000,36.27782074,01GY33CCWJHM8W53NG7B193K1Q
01GZ1HY1JGPDDW07RW97K1AY0G,Jun,2003,692.7771924,01GY33CCWRC93W671BWK8CEB0K
01GZ1HY1JX699GATR6FR8MBPAT,Nov,2007,987.887789,01GY33CCWYKTQK7YZH633C00Y2
01GZ1HY1K4TMP17AZ94ZCBXENG,Mar,2006,568.3469598,01GY33CCX33TT9720CTR2WYJF0
01GZ1HY1KAMH50NF0DXH47J2HS,Jan,2006,280.4958598,01GY33CCX9XW8E9DKTD39S9R4Z
01GZ1HY1KHGWRZP1NBAJP2F8QG,Oct,2001,719.0854148,01GY33CCXFZ46X113T7E811Q9H
01GZ1HY1KRAB9YNZRD592BCFXX,Nov,2000,70.92749813,01GY33CCXN6R8XRPEKS5TQHE49
01GZ1HY1KY18VTQ8YTG7M4GDSQ,Jan,2013,793.1195542,01GY33CCXVX5CQ2WVVZRN0ZGTZ
01GZ1HY1M31GB0YT60GG8AHGDT,Aug,2012,416.8841874,01GY33CCY0QAP6Z74737WWVPYG
01GZ1HY1MBPSZM9P78P44055TG,May,2012,931.7267079,01GY33CCY9X67Y3WC1QH4HB50Y
01GZ1HY1MEFSTRS5TGS3K9Q19J,Nov,2010,849.5164802,01GY33CCYFHBN6Q6488VBXSNV6
01GZ1HY1MK1FHKNN70NVFBVCVG,Nov,2006,294.6672801,01GY33CCYNMDH20YBYT82BEKW4
01GZ1HY1MPHR3ZZAMCXB7939XY,Oct,2007,5.869968864,01GY33CCYTBXB5Y3C1KYT8SCAM
01GZ1HY1MT5DH7VH4PNDQY6MVY,Nov,2011,840.8562115,01GY33CCYZZ77K1QCQ9WCQNED1
01GZ1HY1MWFM2PV0B4W0BCBCAY,Feb,2008,924.0107693,01GY33CCZ51CYGSG5JCZCE88EX
01GZ1HY1N0RBAD809P8F1DBANA,Mar,2007,865.4953439,01GY33CCZ9E2990DNR8XMCK8DA
01GZ1HY1N4KG82A47F4WTDQACX,Apr,2008,608.4727571,01GY33CCZFJV6MKHXXS41RW5EE
01GZ1HY1N7A2SZQGTW137YBKHW,Aug,2004,738.8508875,01GY33CCZMTTGHB6MTDZJ6YG48
01GZ1HY1NBWBQDCF2KZMP1Z3D9,May,2005,26.98465572,01GY33CCZS47GZPQ48WTPXG480
01GZ1HY1NERMSTR3E528QPZC4M,Jan,2009,570.3694971,01GY33CCZX8YADF8EQQQQCTMM1
01GZ1HY1NHH7NSDATZCQMF0SZ0,Oct,2009,241.2546997,01GY33CD0251Q2EN5K4R72B1S5
01GZ1HY1NN3PK3W5KDEJKQVDWF,Apr,2013,430.7102071,01GY33CD08HPP6Y9PA4M9ZZM7N
01GZ1HY1NRBQ48WKCAANPYJ222,Mar,2008,963.7172294,01GY33CD23E1M3EH2FSH06W57A
01GZ1HY1NV8VN2SF22CWR8Z0AX,Sep,2001,360.4293095,01GY33CD26G42021V5TFM8PW4X
01GZ1HY1NZSCXFF5H9FHZVWF1G,Sep,2005,882.0744373,01GY33CD29DP82BFMJG35BCK3C
01GZ1HY1P2WVD00D2YBDQQNB5X,Dec,2011,688.7048361,01GY33CD2C22W27HKNHFCJ1JNV
01GZ1HY1P693G912BEX23WWHAA,Jan,2004,829.4090872,01GY33CD2FTXB100ZHYNBNPSGW
01GZ1HY1P902SKD1QPAR22G6JD,Jan,2008,128.124345,01GY33CD2KSA6FC0R0EQKE87WN
01GZ1HY1PCF1H7FR8EN5007BM5,Aug,2007,492.9570751,01GY33CD2PAF36RJJWH3Z5YCAG
01GZ1HY1PFDBJDDZR25KNY2ZM7,Mar,2002,621.1779134,01GY33CD2SHN7F2PZYK3782XJG
01GZ1HY1PJC2HABDK7TX9TCK17,Jul,2009,483.9278259,01GY33CD2XN4Z4X65C3YXAHQ66
01GZ1HY1PQRE8QDQAJ737SNNZS,Aug,2012,303.2758429,01GY33CD3197HJ1BK0MAPYFVBE
01GZ1HY1PVZNGJ4HVECGW336J3,Aug,2006,41.359909,01GY33CD34PCYV3372PEKRWVBM
01GZ1HY1PZBW1ZCB92YPJKZ0CH,Jun,2012,303.1217274,01GY33CD38PNX821TBE8TA88CP
01GZ1HY1Q2PZQ4VB9YFBQ2VQKT,Feb,2001,616.7456419,01GY33CD3BFCEEZ1ANK54HY605
01GZ1HY1Q6YTW6A5ZTF673S418,Nov,2000,385.8388031,01GY33CD3EE61RT5VQ5H1ZFTFX
01GZ1HY1V9D0VXJQK679CFTQ5S,Aug,2008,854.3482721,01GY33CD3K15VBF0HDTN4ACM1Y
01GZ1HY1VH95TDXM9RCBJ5WJRD,Jun,2011,621.721208,01GY33CD3PEJGBQXA0VCRSW4Y8
01GZ1HY1VNK17Z61J80PN1S67W,Jan,2012,68.28398583,01GY33CD3V8QJB5W4DXGZK69XH
01GZ1HY1VTJAZW9PRWF4GNJNMQ,Jan,2009,38.13484013,01GY33CD3ZJR7SB718N0PWBG7J
01GZ1HY1VXH7REK94ZVD4V6Y2N,Aug,2004,898.4597759,01GY33CD42S6AHBX792YJ0T913
01GZ1HY1W1K5387F7YWX3Q0T2Y,Mar,2011,801.1131063,01GY33CD466GT1KR7TXJVNH5HV
01GZ1HY1W4GFYRXMT6ZDV25KXR,Jan,2009,86.66149582,01GY33CD4914JK1C3ZV6TYWYXZ
01GZ1HY1W84JT9G71NBA5TZSRK,Oct,2008,935.3995071,01GY33CD4DYF1Q7B6W8345WEXT
01GZ1HY1WDT24VW1GE4PWRCTMR,Jan,2001,844.5526396,01GY33CD4GYNQ30PMNGY7B3ZAJ
01GZ1HY1QH6ZFY4KA0G6R4G36F,Dec,2012,299.8156897,01GY33CCS1JP6EW2HVPKDJQ97W
01GZ1HY1RAXKVH6WT32BE1HDD0,Jul,2003,213.2420405,01GY33CCSCNFMXWHNC6RQR156S
01GZ1HY1RESA3DQ9NSP11T2GAY,May,2005,999.4835384,01GY33CCSH5MGCEAGAXGPN0AF1
01GZ1HY1RGSSQ7FH6K8NKVKS74,Dec,2007,566.1059525,01GY33CCSPYHJX3YRAC0HQ4211
01GZ1HY1RM7CAZCBAQTF2EFY7Y,Sep,2000,232.8957483,01GY33CCSW81Z2W4KRJW1J0V4K
01GZ1HY1RP4HP53MP9CAH42ZQ2,Feb,2009,346.4003988,01GY33CCT0N638SVMGFVP9P2GX
01GZ1HY1RTXZQ3GCWP4FT3SNVF,May,2005,878.3234638,01GY33CCT59M08360NB9PSS5X2
01GZ1HY1RYWMCVCWFDCD4YPDYB,Nov,2008,935.927233,01GY33CCTAJHGKAW738K1TE1GW
01GZ1HY1S26ABEMZFGEE3E6DG4,Feb,2007,814.1976493,01GY33CCTG8AARF4FC40GBRGKN
01GZ1HY1S5MPM2V12SJGWACF6A,Feb,2007,761.6442944,01GY33CCTN1J0B2HHQ7D1ZCMXH
01GZ1HY1S9DJ0FVNKTCR1SZNP7,Jun,2012,835.3920494,01GY33CCTVTG6ZKAC22NY43CR6
01GZ1HY1SCXX6ZPQ2MG9QZQQBR,Jan,2010,602.8318518,01GY33CCV0PMCA3G6CYQ69RZGX
01GZ1HY1SGEWJGZ54B067V6K0J,Nov,2012,45.26195066,01GY33CCV5VAECZ01ACKRQDKBY
01GZ1HY1SKC0XDZAF78QGK5712,Jan,2002,228.5306852,01GY33CCVB93ZS3PJ6Q3DTF25C
01GZ1HY1SPZBEVYYDTAAC78XRP,Aug,2006,169.1169084,01GY33CCVHYXDJXMN75C8XH7NN
01GZ1HY1STEJG45562KKZZYG6H,Nov,2003,444.2109725,01GY33CCVRK06V5CK3D4NE5PFA
01GZ1HY1SYWM4KZ7Z5SFHE06P0,Aug,2006,675.4436625,01GY33CCVWZ81257C31PCNSHJM
01GZ1HY1T3J8ZQT8C0XNNGSA55,May,2003,200.2749393,01GY33CCW0CGRZHKRAVJKED17F
01GZ1HY1T7JRJ87M7XDB13R6DJ,Dec,2005,155.1814284,01GY33CCW3S0WEAFZ013P7PG61
01GZ1HY1TB9E3QJF8CC8PCVFBA,Oct,2000,823.4094956,01GY33CCW6NJX84133F22EENVY
01GZ1HY1TFJZ7E7AHG831E15DK,Apr,2002,851.8782173,01GY33CCW9ZMBAZ0SMBQ92GFGH
01GZ1HY1TJ1E33M25YDQ9PRA1V,Oct,2006,414.0809712,01GY33CCWCBPHA41B2FYZ72EHB
01GZ1HY1TNYMT5YEHT211X52A2,Mar,2002,795.955265,01GY33CCWF3A18YB91RQRV79ZC
01GZ1HY1TS42X2SAWT5NXV0HBK,May,2008,475.73501,01GY33CCWJNNAX3M3REABV49GC
01GZ1HY1TW89W1D72BA1RN49T5,Jan,2010,802.9063373,01GY33CCWNJWSPAP396PQ2F7XH
01GZ1HY1V080H55J9H2XVP4HBW,Sep,2003,231.0627796,01GY33CCWR8891PPX3HWH4HV73
01GZ1HY1V3X8JRY520N195515N,Aug,2013,442.0124642,01GY33CCWV556G4KZX42FECH9B
01GZ1HY1V78H5CNREB9KKZENJP,Mar,2007,867.3002231,01GY33CCWYX2D405P9M70YHF3Z
01GZ1HY1VB6CV9DPRGMAGAFMBM,Aug,2006,505.1961112,01GY33CCX14X8840SXB12PAQCN
01GZ1HY1VEYB0V4CRZVN0BYCT3,Oct,2007,962.9749948,01GY33CCX4T1FVTPAN49K35N2H
01GZ1HY1VHY70BP5CVJ7YAM3PD,Nov,2002,428.0745238,01GY33CCX76C0CDJEN8RDQ7M09
01GZ1HY1VNBWEN6TX2BENTR3ZK,Dec,2013,814.7222811,01GY33CCXWZS74ZENXRFB3ZVH0
01GZ1HY1VS5EPSQP86PCPN96HW,Aug,2011,116.6868112,01GY33CCY04J1GB423FY9W22VF
01GZ1HY1VW644W4G09ZT0PJR1F,Feb,2000,185.6094982,01GY33CCY45P3AK7JRTPH2D430
01GZ1HY1VZF7H20B6062EJ7M53,Apr,2011,462.0803504,01GY33CCY89MM9SW87NGW9NC2V
01GZ1HY1W3HZB1W5KJ2BTWYCF6,Jul,2009,392.4104613,01GY33CCYBJYV7JJ7MTP54CD8H
01GZ1HY1W6ZX0J5GKF29HRFSEY,Jan,2000,409.3863488,01GY33CCYEHAJ6VSYRM3JBXZXS
01GZ1HY1W97JB7XE6RVE7WAFJG,Apr,2000,199.0977004,01GY33CCYJ500QPSPDP3CJ2A30
01GZ1HY1WCV9PA9YMF1JE0F4JW,May,2004,701.7491022,01GY33CCYN5ADHQE474Y9SMES5
01GZ1HY1WFWC84SAEEWTSXREAN,Apr,2009,735.0186886,01GY33CCYRZ6QSTEN7X5V05SYA
01GZ1HY1WJ4K0EQ3BE236WHQTH,Jun,2011,234.2842257,01GY33CCYWEKEXP08CJFF69QQY
01GZ1HY1WN5J4MVEC1MQ5FR4TM,Mar,2003,29.584691,01GY33CCYZBBYC2VGG5Q912N6D
01GZ1HY1WRAVP43NNW26WCCEYT,Dec,2004,428.1161743,01GY33CCZ369F18GCK0JFQFM4E
01GZ1HY1WW9HC580NZ6JKGKJ9A,Nov,2012,224.2051111,01GY33CCZ7RAMVV9PHV1K543DJ
01GZ1HY1X01972GADE27PVB060,Oct,2008,362.8815757,01GY33CCZA667PA5Y6FF4X1H9K
01GZ1HY1X314F572C07MRDRCM4,Sep,2009,58.73531085,01GY33CCZEMQ6DZK7CKZQS70ZW
01GZ1HY1X7HZ14Q32E6X3MEF1V,Oct,2002,138.743693,01GY33CCZJSA6FMX03NTVKD1P5
01GZ1HY1XB236CZ1SYDZRY6EJW,Jul,2001,109.4494927,01GY33CCZN85EYENVTP08YMSQ4
01GZ1HY1XDA8CG92ZJ813D89WW,May,2008,867.7745379,01GY33CCZS8WK82XCDBGCTN4CY
01GZ1HY1XJ6BHAQS6C4XF71RSD,May,2004,697.9774942,01GY33CCZWB3QP0DZTBVSZJNRT
01GZ1HY1EM34YA1VMJC1ATRN8X,Sep,2011,328.2641286,01GY33CCTW0DF8F6630SR33Z1M
01GZ1HY1F30QQDXZS8KD9XHE79,Dec,2001,866.2024592,01GY33CCV2F14HXF4ZDR30G410
01GZ1HY1FR0GTHEJR9XQMZECT8,Jul,2012,789.9256255,01GY33CCV8MNFQHK7AGMNQS3QV
01GZ1HY1G0CYRCQNYZTZ57PKZC,Nov,2008,934.6082636,01GY33CCVF3HAT68FR3RZT8JNW
01GZ1HY1G8T62MHFJS2J3GZREG,Mar,2004,510.375924,01GY33CCVNJKGA6GY7E1VS8MRH
01GZ1HY1GPWMMQP5MHGB21WW7G,Feb,2000,645.4148857,01GY33CCVTJCM4W822S7GGDQHX
01GZ1HY1GT5E28TFR13BQTSTNH,Sep,2001,27.09413852,01GY33CCW0PRP2ZT6V73SPCBJZ
01GZ1HY1H0CENEP70J3MDC3ZQ4,Oct,2013,965.025308,01GY33CCW611P9S15S4MWK4B0G
01GZ1HY1H63VXTZGV532RVYV98,Oct,2008,22.39956365,01GY33CCWC42ZFTBKQ7SPBBKGC
01GZ1HY1HDMQ6KH4M5ZVDZSWGZ,Feb,2000,250.5288214,01GY33CCWJ87YKR18NTSVH8CB1
01GZ1HY1HKB1E0HH4ZE0PSHK4J,Dec,2009,286.420344,01GY33CCWRCNEAG7PJT90CQVB7
01GZ1HY1HWQCDBSW7SFNA9FFVJ,Jan,2011,139.6395252,01GY33CCWYFGW7JNCXX0AZVSN7
01GZ1HY1J2154Q58YFT3J0XH6W,Sep,2009,424.9220996,01GY33CCX4SR832DVHN2Q5Y55J
01GZ1HY1J9YQ2VFC1TEMDEMHKA,May,2004,942.4305139,01GY33CCXA0PDG2KYD6GWAAEDM
01GZ1HY1JEX1SJ3G9JXH8W199E,Jan,2009,596.4256386,01GY33CCXG9FQ776RH18301NTC
01GZ1HY1JMH04DWFTJA0EFZ4EM,May,2007,643.0873688,01GY33CCXNE2V4EMWE0X84BB7X
01GZ1HY1JT7WFBXEEAD56FZANN,Apr,2003,910.9769593,01GY33CCXVG0WGKW14S47MMWF2
01GZ1HY1K0P0G2W3N86F085CEP,Aug,2013,230.6630448,01GY33CCXZKE911YKABJ01Z9DR
01GZ1HY1K7Y5BHP7NR5R16D5H3,Jun,2012,662.8016775,01GY33CCY238SCWCG9748RF3SH
01GZ1HY1KD3FY89VZR9HQEZRWC,Oct,2008,859.786759,01GY33CCY6YN0A4SGBJMY7VYY5
01GZ1HY1KN3B494JX0A677S0KQ,Sep,2013,265.6852065,01GY33CCY9KHBFF9QNDH8C2G1G
01GZ1HY1MK6YGCHXQDDV9CVAGX,Aug,2000,306.5763379,01GY33CCYDADS6RW2YBTM3KPMV
01GZ1HY1MS4Z7JQYV9ZK2KDJ1A,Jan,2000,559.4861078,01GY33CCYGWC4DHZ6ZMMW44K4G
01GZ1HY1N10EP1BW4TSFJ3H3DS,Mar,2011,129.3695973,01GY33CCYKKCMEJ27RPWJ0J619
01GZ1HY1N8T44RMJ68PKZQHFTP,Feb,2008,727.9058704,01GY33CCYQQ9F88SYV77FKFKWP
01GZ1HY1NFVRHTSHHE31B1W598,Jul,2001,355.5186802,01GY33CCYS934GHQ6R5Q0B7X94
01GZ1HY1NPXD4QT214RZ429QM2,Sep,2013,14.84396348,01GY33CCYWV193WP6R05DF3PCK
01GZ1HY1NXS7JGR56T4PHP2TB6,Oct,2001,809.7566689,01GY33CCZ0H6WS14VT8PXSAE4R
01GZ1HY1P3E5M05G8V73328AE9,Jan,2005,541.7460166,01GY33CCZ32DW9JAWNDE7YC36M
01GZ1HY1P89QDH6BER4G4CC0G7,Dec,2013,283.7182049,01GY33CCZ66MM7MKS3RJQS0H6Y
01GZ1HY1PB1C6RZD2WS19V9BYG,Jun,2003,263.8543937,01GY33CCZAKHDWT8QB2RZ2ARA0
01GZ1HY1PF6MBCETVWCXF250VF,Jul,2011,801.2900313,01GY33CCZDJDK8B0DZ6QQC2HNC
01GZ1HY1PKX3V7EHW13ZCYSWG9,Nov,2002,651.1522571,01GY33CCZGAXTZME365W2MNG4H
01GZ1HY1PPJXBPF6BZ28QK7TE4,Feb,2013,49.81040468,01GY33CCZMDP9R95Y6SBS10VM0
01GZ1HY1PTE9H8KR0MDHD3YV2K,Nov,2001,438.1853707,01GY33CCZRMW4Q48AKXFYHB19K
01GZ1HY1PZ1M8SM1FVRZHBAXM3,Jun,2013,849.5588329,01GY33CCZVJV9BAC9BN6ZQVDGN
01GZ1HY1Q3NTA859JF5HA9DWT6,May,2005,891.4493392,01GY33CCZYDWKGYSAFQENKV04W
01GZ1HY1Q77RM9PK3FHS7PKFQA,Feb,2000,615.600313,01GY33CD024HTC11G39A7H5QHG
01GZ1HY1QB2BYX3VXWNE5B5CXW,Mar,2009,464.3458223,01GY33CD051Q5T1MK7SPB8ESW2
01GZ1HY1QFYDDNYSY41BX85Z9M,May,2010,782.8893267,01GY33CD09DASG1PW719KG4SQK
01GZ1HY1QKBBARZ5AT0GT9VSZ8,Jun,2003,21.75670725,01GY33CD0D55BQNVJB4NKNYYTN
01GZ1HY1QQ7XVQFGART01S5ZN9,Dec,2000,728.5119268,01GY33CD0HXG9PQETTV7964B36
01GZ1HY1QVTBRYYZPYEBYTFRBZ,Jan,2011,747.8618833,01GY33CD0N23HGMVXGD3F5FYBM
01GZ1HY1QZK6CM5JT7A8BZMDF9,Sep,2002,318.7732307,01GY33CD0SYQTK4K90SFY6HRYK
01GZ1HY1RECKP9ACFPDHJ0YREN,Aug,2000,414.752652,01GY33CD0WNGMSEMDBR2TES7BT
01GZ1HY1RHWM85TH56AR87ATAM,Jan,2006,260.3006013,01GY33CD0Z1Z7P138TZ0AC31J7
01GZ1HY1RMXVJGX40PG6VGHCB3,Nov,2013,732.9532355,01GY33CD1380HCR016BGH7FBV4
01GZ1HY1RQPKPW3165SHP1PF7B,Jun,2002,165.1099816,01GY33CD16G5M9APFPS45JQ1M8
01GZ1HY1RTB7119DDG1W391X4V,Aug,2006,868.6597705,01GY33CD19KC68K3MZQKJXY43X
01GZ1HY1RYAFB60336F992GZR2,May,2009,10.84143457,01GY33CD1DQ3JMT3Q8H4NZQPNB
01GZ1HY1BJ8P5QTMCSKE5GK0VP,Dec,2002,450.5687121,01GY33CCV8F5BQZQWZSWH82SZK
01GZ1HY1C3705VMH2BGV5X0ZHK,Dec,2001,454.9183472,01GY33CCVER8TNP4Z8WKHFQ61H
01GZ1HY1CF3QBTW0XZK265492A,Dec,2008,38.47015049,01GY33CCVKAQ33YTRP9HZA14KV
01GZ1HY1CKHSFKRNW42P7AZMXY,Nov,2002,77.13979224,01GY33CCVS8HT8JGPR90DPX745
01GZ1HY1CPYTZN5M0BNGW3QPJ7,Apr,2001,422.333126,01GY33CCVYDJT11YGMAXM4KZ3V
01GZ1HY1CTJK8B4ZF6BJ9HRCK3,Nov,2007,752.089573,01GY33CCW4C6KZSPH8VJBDB279
01GZ1HY1CX9081SKHH8VQRHP02,Sep,2013,187.3704165,01GY33CCWA1VFBNW6K9KAJJAXQ
01GZ1HY1D1M0K9G2PB8JKE94CP,Nov,2003,31.71132993,01GY33CCWGM06S1QJYQ4B0BF91
01GZ1HY1D4P33WD85E913SKFFE,Sep,2003,498.1944651,01GY33CCWNP9D55T73Q5N9YSF7
01GZ1HY1D8JV0AG5FJ39NMBR2F,May,2002,763.8424683,01GY33CCWT0DMDWBNW9RKCCX1K
01GZ1HY1DATPZP6MJXT107P0F4,Mar,2002,924.8692377,01GY33CCWZ0JWJARDTH56W9ZJS
01GZ1HY1DDP4E0BJPHE9FRA8HT,Sep,2011,476.3288571,01GY33CCX6V87G5T8008FR1VV0
01GZ1HY1DGVAPAD679Y5CY131J,May,2003,66.53753369,01GY33CCXCGNPEDG9E5G7CCWVG
01GZ1HY1DMTC4HA9QMY284ZN29,Apr,2000,239.0003125,01GY33CCXJTNYCHX3RADTBZXM9
01GZ1HY1DQA3CXTM3G4B7H99GG,Jan,2010,523.4971544,01GY33CCXR80GGQK1D99RB2WPP
01GZ1HY1DV01Z8EQ30PPQE6GFM,Apr,2012,289.9552657,01GY33CCXX0RXNMA5BF3MDGVFS
01GZ1HY1DZ5SF8WAWV0YAWGRF5,Jun,2007,296.6296141,01GY33CCY2H1TM82JD0RHPBCAD
01GZ1HY1E2ZQCZ33661SH61R5Z,Jun,2003,591.6568872,01GY33CCY6YM6ADEVRB7705EZH
01GZ1HY1E5H033515XPM7B5AAW,Mar,2013,74.21727067,01GY33CCY9FV8ZVJKEZZ7QGJ0R
01GZ1HY1E9Q3YPQFHT01EEZVB3,Oct,2008,213.890061,01GY33CCYDJ8STVQWV1VTR1TGD
01GZ1HY1EC9E47BX4RQRQXJ390,Sep,2005,458.8224063,01GY33CCYHA3CDP3M24J4BPH25
01GZ1HY1EGK6E6TSEQ8C6AR554,Mar,2003,886.7980218,01GY33CCYMAATD4CNPPPN9GJ2Z
01GZ1HY1EMXVYMFKAA08WQFV94,Feb,2008,499.0542509,01GY33CCYQZ0BBR8PAG1BYCYGF
01GZ1HY1EQ302XXP2GTSDVWB2R,Dec,2000,242.0304444,01GY33CCYV5NDFPQESVPPNA8BG
01GZ1HY1EZH4QAH42JFM154KR6,Nov,2013,952.1528044,01GY33CCYY3025GDSP3011B35H
01GZ1HY1F24NYDS9NJRVH73Y3A,May,2012,611.0590552,01GY33CCZ1FBZWCGDYWXHZQFWE
01GZ1HY1F6NQMCQHSNC3YD5MXJ,Apr,2013,830.3227843,01GY33CCZ46HJFCQCKYMJ1ZFF6
01GZ1HY1F98XSZ0JRPN1TEZHQ2,May,2000,202.0195931,01GY33CCZ8F0W25SSK4HTPXA6Q
01GZ1HY1FBFTM33XS3YEC81ST4,Dec,2005,534.1259663,01GY33CCZB4WSHFZ539VFTYPST
01GZ1HY1FEP2KWTS0GRKXGHF6V,Sep,2005,413.9510425,01GY33CCZF05S0MAABKDH6JCC2
01GZ1HY1FGEB4AJ4EFFFZ1W7ED,Apr,2010,794.0759118,01GY33CCZJ9D3PWTFT7GKG9GRK
01GZ1HY1FK0N0XHFND1SEK41H3,Jan,2006,813.9895763,01GY33CCZN3DQ35G2CT5GF79FY
01GZ1HY1FQZ6V9HSEGC0Z4BHPY,Nov,2013,702.8637357,01GY33CCZRV6XZAPZ3CXCY6ASG
01GZ1HY1FTP37VZQAJ8D1NAWDY,May,2005,198.5994564,01GY33CCZVAQVBY9K03X14KXC7
01GZ1HY1FY8W8AXCGKBM0HEMJN,Dec,2011,343.0210645,01GY33CCZZ94TJC1WS5TXGK5AQ
01GZ1HY1G2RSRGHR25AZCRJ0KB,Apr,2008,215.9209055,01GY33CD022TJA95XKPBXF1ERT
01GZ1HY1G59T84EW2S0K3YG7QQ,Jan,2004,566.8282878,01GY33CD06RZW1G81D66JYB31Q
01GZ1HY1G9K4Q6K74DVFGS1QSR,Mar,2005,490.1248832,01GY33CD0AM7ESTRB4F1MRDM4Q
01GZ1HY1GCPT1XZKP278TA35PZ,Nov,2007,351.9217108,01GY33CD0DDQH3BSKJTTF13TBG
01GZ1HY1GGDHYCDWEEPGFC5KMN,Mar,2007,101.7849881,01GY33CD0H76G4YFGCVK0RXCGP
01GZ1HY1GJ5M1JE1ZWQWXHQDB8,Dec,2009,873.4715841,01GY33CD0MKQJQZRM537VQF73S
01GZ1HY1GNFEY8F2NYHY5CHTK7,Jan,2013,293.0628802,01GY33CD0Q3MVZ2ZVNB7R696D5
01GZ1HY1GSFSAZNREYFHJFPKMV,Feb,2006,116.0172213,01GY33CD0TJKJ1MC74ETJER2FX
01GZ1HY1GXM2V15790A11Q8DGK,Jul,2001,165.0049509,01GY33CD0YZHP88PCVGS7J5N2X
01GZ1HY1H0GBCQW6MWAFF3EFP6,Sep,2003,601.3442862,01GY33CD122GBMRA7ZRJYGQPY4
01GZ1HY1H34B6D89S4761XNWC8,Mar,2009,221.2857625,01GY33CD16ZVA0H2P8QV45P4FZ
01GZ1HY1H7QGFHFDYP6N5S151T,Jul,2013,695.2670109,01GY33CD197W1ZVRJTCXHX6W8X
01GZ1HY1HBVFB9S66F0VK95V8P,Feb,2004,289.9805003,01GY33CD1D24H7V37FVAGTJYRG
01GZ1HY1HFJHBNGPXGA3TYKH2M,Nov,2011,960.3424446,01GY33CD1GGNA68P9X1HMWWV80
01GZ1HY1HMS0TFG46VZZXGHABB,Jul,2009,831.0421382,01GY33CD1MHJGE1R147TRX7SCA
01GZ1HY1H146GZ7S461EGK0CBJ,Apr,2010,544.2865422,01GY33CCW2VDSBS6XRVTZFRC8H
01GZ1HY1HRPY6CA62AWMVEPDD3,Dec,2009,965.9147407,01GY33CCW7DNW5P5SNKMVC5MZN
01GZ1HY1J4QBKE2C14PZ29K5V6,Jul,2004,279.2801839,01GY33CCWCTGSBNFQ93H8W7AG6
01GZ1HY1JBMMRPH21C761Q95DV,Aug,2001,799.8228101,01GY33CCWHV6582AP46NSJ20X6
01GZ1HY1JFAKN0S3MXCCM1ATJX,Sep,2003,428.8631472,01GY33CCWP0FYQZQAHKSR83JDJ
01GZ1HY1JN0FC9G5269W187C2B,Jun,2004,482.2272392,01GY33CCWVW6ECT989CW20J6BD
01GZ1HY1JSGP2RPWPJMQ5YXCS2,Nov,2011,490.4703217,01GY33CCX00C4WJA84751Q8CRS
01GZ1HY1K0DMY5S2PGH3VSHG1Z,Oct,2004,434.346006,01GY33CCX44079RZD652T6W4ME
01GZ1HY1K6KV380K06ZE0YCT00,Nov,2012,784.5570394,01GY33CCXABJC7VWX1JWE8CCQW
01GZ1HY1KC8CYY344T5H3GM379,Aug,2010,528.3290943,01GY33CCXFPCASQYX3H1QW19J6
01GZ1HY1KJJM6R5JE3CCQNXM7W,Aug,2002,436.6379244,01GY33CCXMEGN42G952NF2MKQ4
01GZ1HY1KQCJDPK3716WJF52NN,Nov,2013,805.0094614,01GY33CCXQDDWKZVXMMMKXQP2C
01GZ1HY1KX5JVC31NNBP8Y7KFG,May,2009,617.1953091,01GY33CCXVCE06PP05B0665HZZ
01GZ1HY1M1TW5FN6YKEVKR4GHN,Apr,2006,721.4771853,01GY33CCY0WF3H08YTPDP9QMDR
01GZ1HY1MCZX70R5KPM4736175,Jul,2000,210.9859765,01GY33CCY6Z3CESGJYNAK32ZE8
01GZ1HY1MJ11Z7SYRD37W88QQJ,Feb,2010,916.147961,01GY33CCYCF85BCSRZVZ29D5XF
01GZ1HY1MR09GKB2NQX3A3RCZF,Feb,2006,411.6192791,01GY33CCYKBD3XH18HA3NK04C5
01GZ1HY1MYHPFKYF5Z4V8046FQ,Nov,2005,928.3080321,01GY33CCYS7E48NT5G32E4VD5S
01GZ1HY1N447AXCC5ZNR3T4Y3Z,Jul,2010,536.9851718,01GY33CCYYGPX6GY0ZW8TNYPV9
01GZ1HY1NAKRYNGAED9NFK02J3,Dec,2003,385.3793247,01GY33CCZ3XZ0T2K5893ZK6YTX
01GZ1HY1NFZZKR4YDGE70KGVS2,Jun,2003,857.7393934,01GY33CCZ9CR2RHQ871F9QPB04
01GZ1HY1NJPBQ9P4DF2QRR26Z0,Oct,2006,623.0457056,01GY33CCZFZV7RKKR3GFYYTYS0
01GZ1HY1NQBS1FNNGDPADA5WVG,Nov,2006,856.3198772,01GY33CCZNWXARCBK5BGHJPB9Z
01GZ1HY1NVJ44D1N5FMAA3R6D3,Mar,2004,10.12683478,01GY33CCZTWPBN3WB62PXMJKMT
01GZ1HY1NYB3G48SV3701NY5YA,Nov,2008,616.9559978,01GY33CD005TZ3TMB3377ZJQ2M
01GZ1HY1P26EVGC10MVR0GQSJF,May,2001,232.9912028,01GY33CD05HKQNWYTKN5YHKV3S
01GZ1HY1P5VQ87GHDTVEXZ4R45,Dec,2012,755.1228816,01GY33CD0AJHFQP20KKSG62963
01GZ1HY1P8WQ15H4EWJVNQQ02F,Oct,2012,734.3389939,01GY33CD0GP92MWMMVP53558MM
01GZ1HY1PB0Y1PF7S4XT1QRZYX,Jul,2004,464.5635066,01GY33CD0NB7SZTE58SH2X8HQZ
01GZ1HY1PEBA4FNPK3MQA5HT4D,Aug,2005,331.7364769,01GY33CD0VS55S1B6NYDJVFBNW
01GZ1HY1PH6G1GEGX28G5GQE6H,Oct,2013,709.4201149,01GY33CD11THYEMAJ2461493FF
01GZ1HY1PN578P2TS7FMNWDYKY,Mar,2009,652.1854596,01GY33CD17QFSVPRE20N40Q4TF
01GZ1HY1PS1QKEA2JGZ3WBSZFD,Jan,2008,971.9153491,01GY33CD1CJPDC081TY459C063
01GZ1HY1PX11YD65C999XNDA54,Jul,2009,297.8371432,01GY33CD1HJNGWZWD7FA94TCQZ
01GZ1HY1Q0T7W80E2ATQ5YM82V,Oct,2007,417.5242735,01GY33CD1QX94S4YSR6XJPDQ3D
01GZ1HY1Q3B7HJ1C1YMQKWBG0M,Dec,2004,28.53711013,01GY33CD1X780BP7ZQ3ZCDWXNW
01GZ1HY1Q658Y2MFNN0VXVVJB9,Dec,2011,740.4250669,01GY33CD23HHAJZ88C2M83KYPH
01GZ1HY1QAFQK7PJTBEV9KQZA0,Jun,2003,309.3677791,01GY33CD28DSHGJ8WKJ9KPCKJV
01GZ1HY1QGTX5DNKPGQ1WD81V3,Aug,2002,912.5377617,01GY33CD2E79WZRS5WF7JBS3KR
01GZ1HY1QQXD5HQZC34WFD1H5K,May,2008,909.5820028,01GY33CD2J2DBXTC4JXDZBASNX
01GZ1HY1QWK6FEVC4EPAJW403B,Dec,2007,258.8454807,01GY33CD2N5JA2MTWNVFTVH52C
01GZ1HY1R2KFEC10W5MNJVGPMF,Dec,2002,415.7083633,01GY33CD2RY8E52Y897J287R4A
01GZ1HY1R7152XJ1V062GN1778,Sep,2007,213.1572054,01GY33CD2VR4EZ7NGN7W6YB1ET
01GZ1HY1RDPC06T751G9F9280P,Apr,2013,658.5499167,01GY33CD2YXSXESMBNQHV9Z1RV
01GZ1HY1RKVQ3S46SGM615D6ZD,May,2001,166.4582464,01GY33CD31EYZTAT4JZ2HENQX0
01GZ1HY1RRQGFVAQTW94A3608R,Mar,2011,35.28022679,01GY33CD346TXXT11YD7MMRGHD
01GZ1HY1RYRTQ7YD2J1V8XRYBF,Sep,2011,857.2226784,01GY33CD3X2CNFNSPKGX88T3JK
01GZ1HY1S4Z5Y0W6C9FJDWX4BG,Dec,2001,310.7849517,01GY33CD4D3TNMZD4RFE6DJRG2
01GZ1HY1SAVK4ANHDP0B3K5GN8,Sep,2008,117.0675497,01GY33CD4GEBERPS1P80WE0X00
01GZ1HY1SF20A70VW9PHT6RQPC,May,2013,858.6497461,01GY33CD4KC65T3EJE1920M1EB
01GZ1HY1MACZ8XBG45QPPSP5J9,Dec,2010,573.8637862,01GY33CCWY698NKM485DW2SBSJ
01GZ1HY1MWVBTW043AK0T3JC9W,Feb,2011,773.4629259,01GY33CCXFWTK84WRHJB33BJH9
01GZ1HY1N4JH1Z6CJJTNTZKVY1,Nov,2010,841.0060867,01GY33CCXNBHJDQE8ETBMN1AW8
01GZ1HY1N8XH17CWEQG4G7C2VH,Aug,2008,662.1629296,01GY33CCXVXWEAXY1QNX7PAQ6M
01GZ1HY1NDP708R4HXESHWFJXN,Aug,2006,386.5913938,01GY33CCY1JE0Y0NPXY1YXSX6Z
01GZ1HY1NHM9HQTZXXPDQD10GX,Apr,2012,759.8831049,01GY33CCY7J5XGNVW6T81BY7HZ
01GZ1HY1NNC6PD0BGR0HSDJSMJ,Sep,2010,539.3333543,01GY33CCYDCHZ7MJHYBR109ZC3
01GZ1HY1NS70T4FBCQ8K438ZDB,Jun,2011,105.8543767,01GY33CCYJ9YP37YSGMEAWAF8S
01GZ1HY1NWXRN27PMBJ2MVW3FN,Mar,2007,313.169498,01GY33CCYRKKW826AM7B891V7M
01GZ1HY1P0NFNJGM6DXX6FKQFV,May,2006,78.47338659,01GY33CCYX84D5A68Q9C48NHFW
01GZ1HY1P4RAKD09MV1Y5PR8ET,Dec,2002,972.7616697,01GY33CCZ1JRD0KEF3ZDJZD7TK
01GZ1HY1P8MMK8T2VR26SER7QK,Feb,2004,170.1369293,01GY33CCZ5ENFGH9EHJKQ9QSJ6
01GZ1HY1PAV9WKQ2MR6MGQDWN4,Oct,2001,198.1668663,01GY33CCZ9B2T1S5J82D06B630
01GZ1HY1PE43XRX9TY45VDBVNZ,Jul,2008,579.727181,01GY33CCZCJ0C1HDFP2BTAYMSG
01GZ1HY1PJZA3KDVYVTBZ3BY9X,Aug,2013,463.3483011,01GY33CCZFK92JTZ9PYFK1S0NG
01GZ1HY1PPFZH73R0FWKG4YKZ5,Mar,2012,903.7380922,01GY33CCZJMDAWCPNHKH5K8F8P
01GZ1HY1PSK9K97C49JS69HGJG,Dec,2004,172.7146448,01GY33CCZPSTZZREY525JTWCC5
01GZ1HY1PXRDAVQ8WKSEM7MNZE,Apr,2004,673.7032486,01GY33CCZSMVPKAHA7Q8A38MC6
01GZ1HY1Q2F3QY1E28VFZW2TEZ,Sep,2010,542.4444007,01GY33CCZXZ5T2RM9A09JEDX4B
01GZ1HY1Q8Q1M6Q4RYN2VJM8KG,Jan,2009,617.3617981,01GY33CD01YGVMQB4V7SJQ1JDR
01GZ1HY1QFJW7V75XKRAYGRSQ7,Dec,2012,441.8790487,01GY33CD04Y8WN7W163XDTFQ2Z
01GZ1HY1QM1YQRXM91WZMF3GYQ,Nov,2007,865.6663626,01GY33CD07V6F2J4SJRGJG7CX5
01GZ1HY1QT2MS55Z4C6QHM60GE,Mar,2001,968.2919477,01GY33CD0BY6QR2NHE3JW3ZBYK
01GZ1HY1R0D0B1H2EBCQKQHFGD,Nov,2012,80.88784499,01GY33CD0FJ8M55SHAK0GZNE80
01GZ1HY1R6K6TA4ZG1ZBV1DRMF,Sep,2010,293.2000499,01GY33CD0JJ6J14HX2K7B5QAWG
01GZ1HY1RC2AE4BR95XKNSZX83,Sep,2005,482.264657,01GY33CD0NMJP6ZBP59J0BT1FX
01GZ1HY1RHTSD2XZG3ADYE0186,Mar,2004,871.5640264,01GY33CD0RZ38FJJK7NJ5KPJCJ
01GZ1HY1RN33Z6X70JGRNY8VD6,Jun,2001,241.4652625,01GY33CD0WWE5GPKC6JVM4XYA7
01GZ1HY1RV3S1E3KKTT0KJY79A,Sep,2003,140.2355901,01GY33CD0Z3VQHRCRJD93GEPGN
01GZ1HY1S18KWXG98RMVYP6GTG,Jul,2012,348.5093572,01GY33CD125WD8VCAWDGNJK7GH
01GZ1HY1S7VACSRVX1XFN7X39K,May,2004,43.48799847,01GY33CD16SY1HHZE9FV5KK49F
01GZ1HY1SBQJ558W60HRHFY43T,Jul,2013,926.1205332,01GY33CD19HWSV0QT195NV9YYW
01GZ1HY1SG83RM57B7PF9HKJ04,Jan,2013,267.403949,01GY33CD1CH0HGASMNMDT20PQC
01GZ1HY1SQBR4NGJ0HFMMT7JQJ,Feb,2007,571.580265,01GY33CD1F8BRSQ6700J7WW54G
01GZ1HY1SXS87RKFNZGKFQFSWK,Jan,2009,451.0589383,01GY33CD1JWKPKD08TCG685Z1Z
01GZ1HY1T2K62B40GCXD92N6CR,May,2008,929.4799459,01GY33CD1PDYPQS4QQC9EDCXF8
01GZ1HY1T54X7BZ43RD1147H1F,Jan,2005,652.4727719,01GY33CD1SJJDWGCHRKB12364H
01GZ1HY1T9VN4W44B6QYT1CCE2,Nov,2002,840.4509527,01GY33CD1W0VEQPKDEBQ47XWAP
01GZ1HY1TFTFVXSE28HFNZ9N5S,Jul,2005,614.818683,01GY33CD1ZT641JMX7T9SSNVA7
01GZ1HY1TMDPQGTR9VZSCDANF8,Aug,2009,847.7120461,01GY33CD22EXE5BH8K1F8A4577
01GZ1HY1TTGETSP8JQ8AFAZS04,Jul,2008,692.2602025,01GY33CD26JR3R12VAHYF8QXQR
01GZ1HY1V05EFXDJJ3EB4KSZEP,Jan,2007,824.1523942,01GY33CD29D6F847VSV66KPB7A
01GZ1HY1V34YKCY6CBVET74QHT,Dec,2002,878.4567424,01GY33CD2C2CYZ7GVKGHTMDEM2
01GZ1HY1V6Y8Y5MN1523R358HE,Oct,2012,69.53613635,01GY33CD2G42QDYX3JMH41PRF9
01GZ1HY1VB65MXN3EAK4H0WTCJ,May,2009,426.5323788,01GY33CD2JX2K9VSBGDYDY94PD
01GZ1HY1VG9JSXK4781F9JGRKK,Jan,2005,98.03283897,01GY33CD2PTVQR6VGFEHCA83QR
01GZ1HY1VNM9DYRYB8ZVM2JWAJ,Nov,2003,472.7544128,01GY33CD2SAGPCPB9HTJPRM79Q
01GZ1HY1VSQTY5ZGH4V1NSBKGH,Aug,2010,940.1685674,01GY33CD2W4M1Z4DKQ8880EZVW
01GZ1HY1VW0JWPDGNM3ZN617DP,Mar,2003,802.5026485,01GY33CD2ZJA2GCVCKK7BBK0M5
01GZ1HY1VZV5FMJW3KQASK1VRE,Jan,2009,509.4608354,01GY33CD32KHD3TQYR12QZBT7P
01GZ1HY1RNPBXRZBSVH6JNE81D,Sep,2006,210.5613254,01GY33CCY4YBJCWW3JSWS68NT6
01GZ1HY1S8RYZBF7RARKXMXE86,Dec,2008,413.7333222,01GY33CCYBWT3Z112Q1N6GA1J4
01GZ1HY1SSTKVETBED60TKSBZ5,Feb,2000,383.8417195,01GY33CCYQBQY9N5RTDJ8WY1WS
01GZ1HY1SZJCVE40K3B5HQRWWG,Sep,2011,39.57107322,01GY33CCYW7F91MCQA7M3SNR6Q
01GZ1HY1T5EF1D9GYMBCEDNRD2,Nov,2006,91.29880822,01GY33CCZ3HGH8Y7D9409HCVFY
01GZ1HY1TCP5DZ6Y519YHFR4X9,Oct,2005,13.2383074,01GY33CCZAN1SDESQYG2G0XFRN
01GZ1HY1TH68BJC4Q0BSNRCQH0,Nov,2000,76.93715465,01GY33CCZGKWJ3WDWQQ8F1VJ79
01GZ1HY1TRYM85M6HZYX84N62B,Jul,2008,149.9663388,01GY33CCZPGRSDGW70FXTPHPDP
01GZ1HY1TX9890R885R2WAVCJ5,Sep,2008,537.7056729,01GY33CCZV1SSR66TSQZXZ846Z
01GZ1HY1V3H0BJWN9QFFWPP4DQ,May,2013,765.2824593,01GY33CD01CX3M26GY355JJDX1
01GZ1HY1V93TB3BPH6PYF4E5EK,Jul,2002,791.9862138,01GY33CD06H5GKSG75WTCPXJ54
01GZ1HY1VF5RBXVW44M7GFCAV3,Nov,2001,84.13414845,01GY33CD0CW84TZNJG9PQ3XYTW
01GZ1HY1VQV3YD59TB2DNW8J1S,Feb,2001,32.85631777,01GY33CD0H5EJPMP0PXVF7MDZV
01GZ1HY1VW0QRES9PGFE9PCKTE,Apr,2012,306.7703141,01GY33CD0QVTCMPD58WZBZ5TXT
01GZ1HY1W2RYR3ZRZDQWTERBGQ,Mar,2010,990.5585944,01GY33CD0YSJXRZA0NRWXBWE8V
01GZ1HY1W67XZF0HJS3AW2P1KP,May,2007,309.9704453,01GY33CD14Y80YW1MVE7VD2EF7
01GZ1HY1WCTE9N60Y18H4DP6D8,Aug,2010,665.2764115,01GY33CD194P3K7RHQY4DTB5NK
01GZ1HY1WJF1D951SK0NFJTCQE,Apr,2008,20.89036176,01GY33CD1F8PPHMSX7N7H9XJFV
01GZ1HY1WSWSTWJGD1P616YK03,Jul,2013,527.4926933,01GY33CD1MNTW77S4531S4V68E
01GZ1HY1WYTSZ5VZWRB996AFBC,Nov,2012,398.2164647,01GY33CD1T01318307DQVD2X4M
01GZ1HY1X2MV629Q8GECYGH3MB,Aug,2003,995.3254437,01GY33CD20670ZDWBSCSTBAF8N
01GZ1HY1X8EX1XPD0KX49C89Y8,Dec,2008,939.1239206,01GY33CD25SD00XYV648C300ED
01GZ1HY1XEDX1E34TVFF7AME9D,Feb,2005,512.4080054,01GY33CD2AFNW7XSJ09NZM3KB7
01GZ1HY1XMGSV3XK4B43CDVDD2,Jan,2004,198.8597491,01GY33CD2G1C1JV00M11910GC4
01GZ1HY1XT0G82TM497D7Y88BS,Sep,2008,984.5097099,01GY33CD2MZJ0YCSFJ5VMR4MT8
01GZ1HY1Y0SW95H84TCSGACYNH,Mar,2002,134.309397,01GY33CD2RM25AXAXF1XRR13KA
01GZ1HY1Y66KV8D0FKFA2KG1YD,Sep,2007,222.9781079,01GY33CD2VVXSAVE1A3ED0PJFM
01GZ1HY1YCTN35A0S8X58CXKMW,May,2012,202.3205841,01GY33CD2Z3VD4KHZWWZVVQMX9
01GZ1HY1YJD71JT1MZYW3Y6ZJV,Feb,2000,659.2576289,01GY33CD314CM7YYCF7T2HVQ8K
01GZ1HY1YRXJ03DF60SA5KQDSF,May,2002,51.28397025,01GY33CD35X1ED645Y1BJ9Q5V8
01GZ1HY1YXXDHTFZZ5QWNV8FVN,Dec,2005,761.8309436,01GY33CD39RMZ1AVX82T4PABED
01GZ1HY1Z20X97TZ27KQCWE706,Oct,2007,314.2186536,01GY33CD3CE9SZVR73EK75KKBM
01GZ1HY1Z545AY0A34WQGBEW6N,Jul,2000,308.1851218,01GY33CD3GEG77VTEW8BWDZFPG
01GZ1HY1ZA8N2WQRSC7J0K366F,Nov,2002,9.43658254,01GY33CD3K8EGNZ85B9WZJFRFJ
01GZ1HY1ZFQXRJFM6XGJ5YP8K9,Jun,2008,563.0273983,01GY33CD3Q451XBJA97JT4K7QS
01GZ1HY1ZJ4H8Y90NS3JGQYB6Z,Jul,2000,132.8296944,01GY33CD3TJSC1EV0AC35KRDFK
01GZ1HY1ZPSEP7VY6RE68EAKXX,Jan,2005,925.1965114,01GY33CD3YC84KTF157DAFPQM2
01GZ1HY1ZTDBQ9YANTC9MR5HPA,Sep,2013,353.7917934,01GY33CD41X6NVNG4DYZZD0AK1
01GZ1HY1ZYT9W52EPK63YD4E1A,Feb,2000,477.9979943,01GY33CD45EJSD219SHJZT7CWC
01GZ1HY201A5GGKV4VJPF0DQ3B,Feb,2010,150.6605714,01GY33CD4978AFPV9N8PFWQ2KF
01GZ1HY205BGX2RRG2J1MV10ET,Sep,2013,211.8454484,01GY33CD4CW64XAGB5031EMRSF
01GZ1HY209K922K2CCNSW4K72J,Jun,2012,807.8249458,01GY33CD4F3XJHNSNRZV7N0RBG
01GZ1HY20EBHZSZW8C54KRBJ5Y,May,2004,798.8274199,01GY33CD4KQJWKCM80T6BNBR3P
01GZ1HY20HAXPSYMP39K4VYN7W,Feb,2012,643.4421863,01GY33CD4PQBY2RATWWDVTWKZQ
01GZ1HY20M89WGBJ0M23Q7DPJY,Aug,2003,747.6492403,01GY33CD4SPZA9F7JP77MM3NFD
01GZ1HY20Q8M9114AECHV4SBFB,Jun,2006,344.2808969,01GY33CD4WS239N017R4P9EV0V
01GZ1HY20VA59YH2KB3BJ8C6PN,Sep,2008,430.9340605,01GY33CD50J70165TPQ5Z7HG0C
01GZ1HY20ZQ784PP8J9M45JRQ1,Sep,2012,569.2967702,01GY33CD52R4RY1S06GGTWY8NF
01GZ1HY212CDD4FS2H9F81ZBGM,Apr,2009,970.6230785,01GY33CD56TP1XQSTR4XVHHFV2
01GZ1HY216ABB826ZWSNDMMNMW,Feb,2007,399.481939,01GY33CD58EYCF7CQZC2PV8FB9
01GZ1HY1PTSB378GAGNCVS23TT,Jul,2001,517.753662,01GY33CCWVWVKWFGC5FF34APSN
01GZ1HY1QK1ZHZSJWFKAY1F88P,Feb,2002,616.1359425,01GY33CCX1V0BVRCS0271056Q6
01GZ1HY1QTRC6RK0N4YY8HJD74,Dec,2002,654.9402144,01GY33CCX6J8ZY428QWNK04M92
01GZ1HY1R08T2YG7CKSP4GQ8HP,Sep,2012,879.5887504,01GY33CCXK69KP3QY5ZM19KFYT
01GZ1HY1R6NJTE3XSQ9WYCKWK5,Jul,2008,161.2990715,01GY33CCXSR3WNBEB7Q8C4QPBZ
01GZ1HY1RDGGXEVGYBPCKTFH59,May,2000,102.9764762,01GY33CCXZWBER03JNWJX5FZDF
01GZ1HY1RK2ZDFWJ4HQB33DTMP,Dec,2001,598.295392,01GY33CCY4J41MA4Y1AD4RWNDJ
01GZ1HY1RRFMV3XG3CDKBQ6XQP,Nov,2007,868.6516569,01GY33CCYBPPE96AN7KS9NXEVX
01GZ1HY1RYN40ZDVMRYF0XHMJZ,Oct,2003,69.85143209,01GY33CCYGCD1QPK6V31XPFRR6
01GZ1HY1S4J5JY2BGP7EKBV15Y,Mar,2006,966.0404628,01GY33CCYPAX6YE0H5T8YMZCG8
01GZ1HY1S7A30DHN765A14RKC9,Mar,2002,848.1559376,01GY33CCYWYW174M7W4583NHW4
01GZ1HY1SA6ABG3EYCJMFS1M14,Aug,2007,531.1072351,01GY33CCZ2YX8DT6464446QC26
01GZ1HY1SES70670HHEH9NXZ50,Aug,2008,121.3783507,01GY33CCZEXZXTDSA7V5BH1QDP
01GZ1HY1SNH8CB0F01HDYC0BCV,Apr,2008,147.9054588,01GY33CCZMD9GPWS0CTT7MF3NG
01GZ1HY1SR20SCYZBN4Z0Q8WAN,Nov,2003,266.3063649,01GY33CCZTQSR3XKPB2WDCZ2VS
01GZ1HY1SVXRQNQWE3SF7Y0975,Nov,2013,785.9044045,01GY33CCZZRDZSXSJJ5ANN9V3C
01GZ1HY1SY23YKJ9RT80RB17NP,Nov,2010,203.6398222,01GY33CD04QPHPNB0AHVXNQ1GS
01GZ1HY1T26EPN4GBTPBMQF2H3,Feb,2010,687.5121917,01GY33CD0AFPZA8R73H6253QQJ
01GZ1HY1T5Q3SECBSZ4CH7J9SC,Jul,2012,222.0584747,01GY33CD0FJE0HWHSXF3VGX8CZ
01GZ1HY1T8WRRMWW1YPAN80XB3,Dec,2000,460.1273057,01GY33CD0M173D10677VRBEJTA
01GZ1HY1TBF52B4FDZKVSXYWZF,Sep,2007,378.9990221,01GY33CD0TRASSXQ5WZ7FAJ6KF
01GZ1HY1TENF7QC74CC0M0ZM73,Jan,2006,576.7603757,01GY33CD116R7PHR65BB629HCF
01GZ1HY1THSEKSNFJT8939SNW5,Mar,2003,613.1921253,01GY33CD17B5AG1S269VP8KD3H
01GZ1HY1TM5W52V4BAQA6Y3142,Sep,2006,363.3613808,01GY33CD1JX3M1X5NK10QMRR7D
01GZ1HY1TRBGMKGMY8K292FFJF,Feb,2003,889.3921958,01GY33CD1P8DW0AWG08SWNSY6H
01GZ1HY1TVVPSZE9HQTAAXBZVE,Mar,2005,847.634146,01GY33CD1TS73DJTNFH4YPEPJH
01GZ1HY1TZ1CE05E7DGN92SD8S,Apr,2013,871.5637393,01GY33CD1XAEHQ4J5GQ3Y4GERP
01GZ1HY1V2T3097HSST3QA4TZR,Oct,2000,806.8576102,01GY33CD21E2AWDEBYBVP29VW1
01GZ1HY1V528GY0T71MKFJT836,Apr,2007,817.5213934,01GY33CD24NZENJ1C6HZMEDBZC
01GZ1HY1V8V5CSNZC8049XMRFZ,Jul,2010,502.0987014,01GY33CD28PKZFAQ697PWA3HKJ
01GZ1HY1VAWDXQ7EVRV3YJ3PTR,Nov,2001,208.18199,01GY33CD2B0BY3FNA1SZZQG9MY
01GZ1HY1VEA73W2AVFSP2GBFMZ,Oct,2009,693.5897253,01GY33CD2ESN0FCM9GA5GJQKVT
01GZ1HY1VHNMDMHTXZQEF6TP7G,Feb,2005,954.8173377,01GY33CD2J8BWYWRMCREXRZ4E5
01GZ1HY1VK797PCTTCJM0YG4E6,Dec,2004,685.9445382,01GY33CD2NWMH3NMMRPE4FNVCG
01GZ1HY1VPHJA74TX7GP399NRT,Jul,2001,273.1068317,01GY33CD2R6PSN5B7XK58X5TDC
01GZ1HY1VSQW6R49472TRRDE8N,Feb,2005,933.2162125,01GY33CD2V3EX2PRGPS61H9SDN
01GZ1HY1VW9WFTB41MZX77C19W,Nov,2008,285.4123584,01GY33CD2Y49KEDPY2H4S1TZXN
01GZ1HY1VY887T34S8FVX135B7,Mar,2008,515.2958679,01GY33CD32T7WDWH014J3V6DSJ
01GZ1HY1W1G6YR8CQXGJVBF7XY,Jul,2013,637.9049127,01GY33CD36CTGVEDA853KD7NJ9
01GZ1HY1W5ACPXG8QCNW04G7EX,Jan,2006,995.5379499,01GY33CD393J5QW5HC7K0VQYQJ
01GZ1HY1W88XH2MXQDCCV63WP7,Nov,2008,661.0929694,01GY33CD3ESBDJXB7Z6SAZBAFF
01GZ1HY1WBGGPYP4WAPR6JVVJ4,Nov,2002,359.3150658,01GY33CD3JPMD16ASXZ4DSC2BS
01GZ1HY1WERTTEXSV5176YRS3G,Aug,2002,640.9837437,01GY33CD3PPTAK5GYXFT842BW8
01GZ1HY1WHPHJPZ6WS8WSC8258,May,2013,654.9967747,01GY33CD3SFFAJ2GCVGJWAX8MQ
01GZ1HY1WK435CQ00S279J0Q3H,Mar,2004,922.1791079,01GY33CD3XZE9S7RPRSRC85KG6
01GZ1HY1WPWBA18GXP0429BF0Q,Apr,2013,271.0496559,01GY33CD41PW65Y64Z3VRX0PYA
01GZ1HY1WSE22J7H29QXM0KEV8,Oct,2006,186.2304866,01GY33CD44C6XMZ06GSCFTPCXQ
01GZ1HY1WW6N4TT543Y0GVCGTG,Sep,2000,144.1048716,01GY33CD47J8RKWNPZ212QGTZG
01GZ1HY1X19AAFE4SAB1WKNKYY,Oct,2007,398.6593647,01GY33CD4B1E2NH7BBRD8BY2M6
01GZ1HY1X4E0SNHACYD2R29NSX,Oct,2010,876.3988654,01GY33CD4FJNZN4RR8J8835SKF